{
  "uid" : "98d3104e051c652961429bf95fa0b5d6",
  "name" : "suites",
  "children" : [ {
    "name" : "cases",
    "children" : [ {
      "name" : "test_Trade_Q",
      "children" : [ {
        "name" : "TestTradeQ",
        "children" : [ {
          "name" : "头寸管理交易提醒数据查询",
          "uid" : "d24f80b7ddc8c348",
          "parentUid" : "2fc080db0f0e0bb4de5faaee6abb3b7a",
          "status" : "passed",
          "time" : {
            "start" : 1593686079876,
            "stop" : 1593686079979,
            "duration" : 103
          },
          "flaky" : false,
          "newFailed" : false,
          "parameters" : [ "{'test_case': [{'test': {'name': '头寸管理交易提醒数据查询', 'method': 'POST', 'url': '/qtrade-app-box/fund/intent-notify', 'headers': {'Content-Type': 'application/json'}, 'json': {'page': 1, 'param': {'accountId': '', 'direction': '', 'personOnly': True, 'publisherOpenId': '*', 'searchText': ''}, 'size': 50, 'sortFields': ['f_publish_time desc']}, 'validate': {'eq': {'code': 0, 'errorDetail': None, 'msg': 'success'}}}}]}", "'头寸管理交易提醒数据查询'" ]
        }, {
          "name" : "头寸管理头寸查询",
          "uid" : "5c45a1500b69c0c1",
          "parentUid" : "2fc080db0f0e0bb4de5faaee6abb3b7a",
          "status" : "passed",
          "time" : {
            "start" : 1593686079982,
            "stop" : 1593686080087,
            "duration" : 105
          },
          "flaky" : false,
          "newFailed" : false,
          "parameters" : [ "{'test_case': [{'test': {'name': '头寸管理头寸查询', 'method': 'GET', 'url': '/qtrade-app-box/fund/position/query.do', 'headers': {'Content-Type': 'application/x-www-form-urlencoded'}, 'params': {'accountId': '', 'direction': '', 'sort': 'f_modify_time desc', 'status': ''}, 'validate': {'eq': {'code': 0, 'errorDetail': None, 'msg': 'success'}}}}]}", "'头寸管理头寸查询'" ]
        }, {
          "name" : "头寸管理头寸详情",
          "uid" : "6505bf52b8c3ebd2",
          "parentUid" : "2fc080db0f0e0bb4de5faaee6abb3b7a",
          "status" : "passed",
          "time" : {
            "start" : 1593686080091,
            "stop" : 1593686080296,
            "duration" : 205
          },
          "flaky" : false,
          "newFailed" : false,
          "parameters" : [ "{'test_case': [{'test': {'name': '头寸管理账户列表', 'method': 'GET', 'url': '/qtrade-app-box/fund/account/list.do', 'headers': {'Content-Type': 'application/x-www-form-urlencoded'}, 'validate': {'eq': {'code': 0, 'errorDetail': None, 'msg': 'success'}}, 'extract': {'accountId': 'fid'}}}, {'test': {'name': '头寸管理头寸查询', 'method': 'GET', 'url': '/qtrade-app-box/fund/position/query.do', 'headers': {'Content-Type': 'application/x-www-form-urlencoded'}, 'params': {'accountId': '${accountId}$', 'direction': '', 'sort': 'f_modify_time desc', 'status': ''}, 'validate': {'eq': {'code': 0, 'errorDetail': None, 'msg': 'success'}}}}]}", "'头寸管理头寸详情'" ]
        }, {
          "name" : "头寸管理意向汇总列表查询",
          "uid" : "e40e10713dd2a718",
          "parentUid" : "2fc080db0f0e0bb4de5faaee6abb3b7a",
          "status" : "passed",
          "time" : {
            "start" : 1593686080301,
            "stop" : 1593686080409,
            "duration" : 108
          },
          "flaky" : false,
          "newFailed" : false,
          "parameters" : [ "{'test_case': [{'test': {'name': '头寸管理意向汇总列表查询', 'method': 'POST', 'url': '/qtrade-app-box/fund/intent/query.do', 'headers': {'Content-Type': 'application/json'}, 'json': {'page': 1, 'param': {'accountId': '', 'direction': '', 'publisherOrgId': '*', 'searchText': ''}, 'size': 50, 'sortFields': ['f_publish_time desc']}, 'validate': {'eq': {'code': 0, 'errorDetail': None, 'msg': 'success'}}}}]}", "'头寸管理意向汇总列表查询'" ]
        }, {
          "name" : "头寸管理意向达成列表查询",
          "uid" : "935e4a1d5c9eebbe",
          "parentUid" : "2fc080db0f0e0bb4de5faaee6abb3b7a",
          "status" : "passed",
          "time" : {
            "start" : 1593686080413,
            "stop" : 1593686080558,
            "duration" : 145
          },
          "flaky" : false,
          "newFailed" : false,
          "parameters" : [ "{'test_case': [{'test': {'name': '头寸管理意向达成列表查询', 'method': 'POST', 'url': '/qtrade-app-box/fund/intent/query.do', 'headers': {'Content-Type': 'application/json'}, 'json': {'page': 1, 'param': {'accountId': '', 'direction': '', 'publisherOpenId': '*', 'searchText': ''}, 'size': 50, 'sortFields': ['f_publish_time desc']}, 'validate': {'eq': {'code': 0, 'errorDetail': None, 'msg': 'success'}}}}]}", "'头寸管理意向达成列表查询'" ]
        }, {
          "name" : "头寸管理账户列表",
          "uid" : "4dfbda3d13bf6060",
          "parentUid" : "2fc080db0f0e0bb4de5faaee6abb3b7a",
          "status" : "passed",
          "time" : {
            "start" : 1593686080562,
            "stop" : 1593686080666,
            "duration" : 104
          },
          "flaky" : false,
          "newFailed" : false,
          "parameters" : [ "{'test_case': [{'test': {'name': '头寸管理账户列表', 'method': 'GET', 'url': '/qtrade-app-box/fund/account/list.do', 'headers': {'Content-Type': 'application/x-www-form-urlencoded'}, 'validate': {'eq': {'code': 0, 'errorDetail': None, 'msg': 'success'}}}}]}", "'头寸管理账户列表'" ]
        }, {
          "name" : "意向达成获取黑白名单",
          "uid" : "ce72bafed93603e4",
          "parentUid" : "2fc080db0f0e0bb4de5faaee6abb3b7a",
          "status" : "passed",
          "time" : {
            "start" : 1593686080671,
            "stop" : 1593686080767,
            "duration" : 96
          },
          "flaky" : false,
          "newFailed" : false,
          "parameters" : [ "{'test_case': [{'test': {'name': '意向达成获取黑白名单', 'method': 'GET', 'url': '/qtrade-app-box/fundGroup/blackWhiteList/get.do?function=FUND_INTENT', 'headers': {'Content-Type': 'application/x-www-form-urlencoded'}, 'params': {'function': 'FUND_INTENT'}, 'validate': {'eq': {'code': 0, 'function': 'FUND_INTENT', 'errorDetail': None, 'msg': None, 'ret': '0', 'retmsg': None}}}}]}", "'意向达成获取黑白名单'" ]
        }, {
          "name" : "资金群收我的发布",
          "uid" : "e8a66b065aa0ee04",
          "parentUid" : "2fc080db0f0e0bb4de5faaee6abb3b7a",
          "status" : "passed",
          "time" : {
            "start" : 1593686080770,
            "stop" : 1593686081123,
            "duration" : 353
          },
          "flaky" : false,
          "newFailed" : false,
          "parameters" : [ "{'test_case': [{'test': {'name': '资金群收我的发布', 'method': 'POST', 'url': '/qtrade-app-box/fund_group/offer/my_list.do', 'headers': {'Content-Type': 'application/json'}, 'json': {'direction': 0, 'orderField': 'publishTime desc', 'pageIndex': 1, 'pageSize': 50, 'searchText': ''}, 'validate': {'eq': {'ret': '0', 'retmsg': 'ok'}}}}]}", "'资金群收我的发布'" ]
        }, {
          "name" : "资金群收我的收藏",
          "uid" : "ff240c745d3da38a",
          "parentUid" : "2fc080db0f0e0bb4de5faaee6abb3b7a",
          "status" : "passed",
          "time" : {
            "start" : 1593686081126,
            "stop" : 1593686081213,
            "duration" : 87
          },
          "flaky" : false,
          "newFailed" : false,
          "parameters" : [ "{'test_case': [{'test': {'name': '资金群收我的收藏', 'method': 'POST', 'url': '/qtrade-app-box/fund_group/offer/collect_list.do', 'headers': {'Content-Type': 'application/json'}, 'json': {'direction': 0, 'orderField': 'publishTime desc', 'pageIndex': 1, 'pageSize': 50, 'searchText': ''}, 'validate': {'eq': {'ret': 0}}}}]}", "'资金群收我的收藏'" ]
        }, {
          "name" : "资金群收数据列表_所有方向的数据",
          "uid" : "b37fa62d80397c11",
          "parentUid" : "2fc080db0f0e0bb4de5faaee6abb3b7a",
          "status" : "passed",
          "time" : {
            "start" : 1593686081217,
            "stop" : 1593686081321,
            "duration" : 104
          },
          "flaky" : false,
          "newFailed" : false,
          "parameters" : [ "{'test_case': [{'test': {'name': '资金群收数据列表', 'method': 'POST', 'url': '/qtrade-app-box/fund_group/offer/list.do', 'headers': {'Content-Type': 'application/json'}, 'json': {'direction': '0', 'orderField': 'publishTime desc', 'pageIndex': 1, 'pageSize': 500, 'searchText': ''}, 'validate': {'eq': {'ret': '0', 'retmsg': 'ok'}}}}]}", "'资金群收数据列表_所有方向的数据'" ]
        }, {
          "name" : "资金群收数据列表_过滤收的数据",
          "uid" : "7807d71aaed23b3",
          "parentUid" : "2fc080db0f0e0bb4de5faaee6abb3b7a",
          "status" : "passed",
          "time" : {
            "start" : 1593686081325,
            "stop" : 1593686081526,
            "duration" : 201
          },
          "flaky" : false,
          "newFailed" : false,
          "parameters" : [ "{'test_case': [{'test': {'name': '资金群收数据列表', 'method': 'POST', 'url': '/qtrade-app-box/fund_group/offer/list.do', 'headers': {'Content-Type': 'application/json'}, 'json': {'direction': '1', 'orderField': 'publishTime desc', 'pageIndex': 1, 'pageSize': 500, 'searchText': ''}, 'validate': {'eq': {'ret': '0', 'retmsg': 'ok'}}}}]}", "'资金群收数据列表_过滤收的数据'" ]
        }, {
          "name" : "资金群收数据列表_过滤出的数据",
          "uid" : "8c8edcd5b697ddb",
          "parentUid" : "2fc080db0f0e0bb4de5faaee6abb3b7a",
          "status" : "passed",
          "time" : {
            "start" : 1593686081532,
            "stop" : 1593686081643,
            "duration" : 111
          },
          "flaky" : false,
          "newFailed" : false,
          "parameters" : [ "{'test_case': [{'test': {'name': '资金群收数据列表', 'method': 'POST', 'url': '/qtrade-app-box/fund_group/offer/list.do', 'headers': {'Content-Type': 'application/json'}, 'json': {'direction': '2', 'orderField': 'publishTime desc', 'pageIndex': 1, 'pageSize': 500, 'searchText': ''}, 'validate': {'eq': {'ret': '0', 'retmsg': 'ok'}}}}]}", "'资金群收数据列表_过滤出的数据'" ]
        }, {
          "name" : "资金群收数据列表_过滤包含关键字技术的报价",
          "uid" : "1caf5a0b3c9d1cfd",
          "parentUid" : "2fc080db0f0e0bb4de5faaee6abb3b7a",
          "status" : "passed",
          "time" : {
            "start" : 1593686081646,
            "stop" : 1593686081764,
            "duration" : 118
          },
          "flaky" : false,
          "newFailed" : false,
          "parameters" : [ "{'test_case': [{'test': {'name': '资金群收数据列表', 'method': 'POST', 'url': '/qtrade-app-box/fund_group/offer/list.do', 'headers': {'Content-Type': 'application/json'}, 'json': {'direction': '0', 'orderField': 'priceNum asc', 'pageIndex': 1, 'pageSize': 500, 'searchText': '技术'}, 'validate': {'eq': {'ret': '0', 'retmsg': 'ok'}}}}]}", "'资金群收数据列表_过滤包含关键字技术的报价'" ]
        }, {
          "name" : "资金群收点击聊天对象唤起聊天",
          "uid" : "4b6dc24325da570f",
          "parentUid" : "2fc080db0f0e0bb4de5faaee6abb3b7a",
          "status" : "passed",
          "time" : {
            "start" : 1593686081768,
            "stop" : 1593686081882,
            "duration" : 114
          },
          "flaky" : false,
          "newFailed" : false,
          "parameters" : [ "{'test_case': [{'test': {'name': '点击聊天对象唤起聊天唤起聊天', 'method': 'POST', 'url': '/qtrade_bond/api/contacts/call_chat.do', 'headers': {'Content-Type': 'application/x-www-form-urlencoded'}, 'data': {'userId': '713302C666F78A78CF227D48662D45AD'}, 'validate': {'eq': {'ret': '0', 'appid': '202000297', 'copenid': '713302C666F78A78CF227D48662D45AD', 'retmsg': 'OK'}}}}]}", "'资金群收点击聊天对象唤起聊天'" ]
        }, {
          "name" : "资金群收群发报价",
          "uid" : "f9ac630f6d2e395",
          "parentUid" : "2fc080db0f0e0bb4de5faaee6abb3b7a",
          "status" : "passed",
          "time" : {
            "start" : 1593686081886,
            "stop" : 1593686082001,
            "duration" : 115
          },
          "flaky" : false,
          "newFailed" : false,
          "parameters" : [ "{'test_case': [{'test': {'name': '资金群收群发报价', 'method': 'POST', 'url': '/qtrade-app-box/fund_group/massMessaging.do', 'headers': {'Content-Type': 'application/json'}, 'json': {'fundOfferList': [{'accountRequireNum': 0, 'accountRequireText': [], 'amountNum': 5000, 'amountScope': '5000', 'amountText': '5000万', 'bondRequireNum': 0, 'bondRequireText': [], 'createdTime': None, 'deadlineNum': 1, 'deadlineText': '隔夜,7D', 'direction': 1, 'directionText': '出', 'groupCode': None, 'hash': 'beb899161a53e99faa0aeb35969a8713', 'messageId': None, 'modifiedTime': None, 'offerId': None, 'offerType': 2, 'oppOpenId': '713302C666F78A78CF227D48662D45AD', 'orgId': '8690d327814245ea8f47ba7e7fe8b296', 'orgName': '技术支持', 'originalText': '出隔夜, 7d, 5000w 押aa+, 押中债资信, 自营户欢迎小窗', 'paymentType': 2, 'periodScope': '1,7', 'priceNum': None, 'priceText': None, 'publishDay': '20200702', 'publishName': '全权限2_技术支持', 'publishOpenId': '6076041F2A94882DD327832855CBD535', 'publishTime': '2020-07-02 18:34:39', 'ref': False, 'source': 2, 'tagBizNum': None, 'tagBizText': '质押', 'tagBondLevelText': None, 'tagBondTypeNum': None, 'tagBondTypeText': None, 'tagFundTypeNum': None, 'tagFundTypeText': None, 'tagLevelNum': None, 'tagLevelText': None, 'userName': '全权限2_技术支持', 'yn': 1}], 'groupCodeList': [], 'nodeIdList': [], 'qqGroupIdList': [], 'qqOpenIdList': [], 'qtOpenIdList': [{'company': '技术支持', 'companyId': '8690d327814245ea8f47ba7e7fe8b296', 'id': '713302C666F78A78CF227D48662D45AD', 'name': '全权限2_技术支持'}], 'tagIdList': [], 'title': '666', 'token': '1593686079437'}, 'validate': {'eq': {'code': 0, 'data': None, 'errorDetail': None, 'msg': None}}}}]}", "'资金群收群发报价'" ]
        }, {
          "name" : "资金群收获取groupcodelist",
          "uid" : "f55a52d8c252c3a5",
          "parentUid" : "2fc080db0f0e0bb4de5faaee6abb3b7a",
          "status" : "passed",
          "time" : {
            "start" : 1593686082007,
            "stop" : 1593686082105,
            "duration" : 98
          },
          "flaky" : false,
          "newFailed" : false,
          "parameters" : [ "{'test_case': [{'test': {'name': '资金群收获取groupcodelist', 'method': 'POST', 'url': '/qtrade-app-box/fund_group/offer/group_code_list.do', 'headers': {'Content-Type': 'application/json'}, 'validate': {'eq': {'ret': '0', 'retmsg': 'ok'}}}}]}", "'资金群收获取groupcodelist'" ]
        }, {
          "name" : "资金群收获取权限",
          "uid" : "544495f27df79523",
          "parentUid" : "2fc080db0f0e0bb4de5faaee6abb3b7a",
          "status" : "passed",
          "time" : {
            "start" : 1593686082109,
            "stop" : 1593686082200,
            "duration" : 91
          },
          "flaky" : false,
          "newFailed" : false,
          "parameters" : [ "{'test_case': [{'test': {'name': '资金群收获取权限', 'method': 'GET', 'url': '/qtrade-app-box/fund/privilege/get.do', 'validate': {'eq': {'code': 0, 'errorDetail': None, 'msg': 'success'}}}}]}", "'资金群收获取权限'" ]
        }, {
          "name" : "资金群收获取黑白名单",
          "uid" : "21e3e5377d60ef14",
          "parentUid" : "2fc080db0f0e0bb4de5faaee6abb3b7a",
          "status" : "passed",
          "time" : {
            "start" : 1593686082204,
            "stop" : 1593686082296,
            "duration" : 92
          },
          "flaky" : false,
          "newFailed" : false,
          "parameters" : [ "{'test_case': [{'test': {'name': '资金群收获取黑白名单', 'method': 'GET', 'url': '/qtrade-app-box/fundGroup/blackWhiteList/get.do', 'headers': {'Accept': 'application/json, text/plain, */*'}, 'validate': {'eq': {'code': 0, 'ret': '0', 'retmsg': None}}}}]}", "'资金群收获取黑白名单'" ]
        }, {
          "name" : "询价群收列表confirmChangedPriv",
          "uid" : "6cc23d23e4acc8e5",
          "parentUid" : "2fc080db0f0e0bb4de5faaee6abb3b7a",
          "status" : "passed",
          "time" : {
            "start" : 1593686082299,
            "stop" : 1593686082422,
            "duration" : 123
          },
          "flaky" : false,
          "newFailed" : false,
          "parameters" : [ "{'test_case': [{'test': {'name': '询价群收列表', 'method': 'POST', 'url': '/qtrade_bond_secondary/api/secondDebt/confirm_changed_priv.do', 'headers': {'Content-Type': 'application/x-www-form-urlencoded'}, 'data': {'strOrder': ''}, 'validate': {'eq': {'ret': '0', 'retdata': None, 'retmsg': 'success'}}}}]}", "'询价群收列表confirmChangedPriv'" ]
        }, {
          "name" : "询价群收列表dataTransmit",
          "uid" : "3d308cdcf034c3a2",
          "parentUid" : "2fc080db0f0e0bb4de5faaee6abb3b7a",
          "status" : "passed",
          "time" : {
            "start" : 1593686082426,
            "stop" : 1593686082514,
            "duration" : 88
          },
          "flaky" : false,
          "newFailed" : false,
          "parameters" : [ "{'test_case': [{'test': {'name': '询价群收列表dataTransmit', 'method': 'POST', 'url': '/qtrade_bond/api/operation_ad/data_transmit.do', 'headers': {'Content-Type': 'application/x-www-form-urlencoded'}, 'data': {'adId': '126', 'adLocation': '1', 'type': '3'}, 'validate': {'eq': {'ret': '0', 'retmsg': 'OK'}}}}]}", "'询价群收列表dataTransmit'" ]
        }, {
          "name" : "询价群收列表getBondInfo",
          "uid" : "34f57976cd6e4e0e",
          "parentUid" : "2fc080db0f0e0bb4de5faaee6abb3b7a",
          "status" : "passed",
          "time" : {
            "start" : 1593686082518,
            "stop" : 1593686082657,
            "duration" : 139
          },
          "flaky" : false,
          "newFailed" : false,
          "parameters" : [ "{'test_case': [{'test': {'name': '询价群收列表getBondInfo', 'method': 'POST', 'url': '/qtrade_bond/api/bond_enquiry/get_bond_info.do', 'headers': {'Content-Type': 'application/x-www-form-urlencoded'}, 'validate': {'eq': {'ret': '0', 'retdata': {'list': [{'bidPrice': '20%', 'bidPriceStandard': 20.0, 'bidVolume': '3000', 'bidVolumeStandard': 3000.0, 'bondCode': '011801109.IB', 'bondInnerCode': '10131536', 'bondShortName': '18天津轨交SCP002', 'bondType': 2, 'brokerage': '1.9', 'clearingSpeed': '', 'comment': None, 'companyId': '8690d327814245ea8f47ba7e7fe8b296', 'companyName': None, 'createTime': 1593674829000, 'dataStatus': 1, 'debtRate': 'AAA-', 'id': 5271872, 'issuingPeriod': '已到期', 'issuingPeriodStandard': '已到期', 'modTime': 1593674829000, 'msgCompanyId': '968c4b95-477e-11e7-8a00-230cd509a937', 'msgCompanyName': '宁波银行', 'msgDisplayName': '何一_宁波银行', 'msgGroupCode': None, 'msgGroupName': None, 'msgId': '4642_086e00f625f8538b0c14bed45fa7d0d5', 'msgOpenId': '5713A8FA06439CB1CCA65525F6B9BBB5', 'msgOriginal': '44D(休1) 011801109 18天津轨交SCP002 AAA/AAA- 20% 3000/3.50 300* 估值2.13 久期：1.9', 'msgQqnumber': '2852839662', 'msgSendTime': '2020-07-02 15:27:09', 'msgType': 0, 'msgUserId': '3c371445c0774b889943a885662baa4f', 'msgUserName': '何一', 'ofrPrice': '3.50', 'ofrPriceStandard': 3.5, 'ofrVolume': '300*', 'ofrVolumeStandard': None, 'openId': '713302C666F78A78CF227D48662D45AD', 'qqnumber': '2852826101', 'subjectRate': 'AAA', 'trueDirection': '', 'userId': '9c348769cdb84733b2840c50416cea34', 'userName': '何测一', 'valuation': '2.13'}]}, 'retmsg': 'OK'}}}}]}", "'询价群收列表getBondInfo'" ]
        }, {
          "name" : "询价群收列表getModuleId",
          "uid" : "487a6dc6a4e1dae1",
          "parentUid" : "2fc080db0f0e0bb4de5faaee6abb3b7a",
          "status" : "passed",
          "time" : {
            "start" : 1593686082661,
            "stop" : 1593686082761,
            "duration" : 100
          },
          "flaky" : false,
          "newFailed" : false,
          "parameters" : [ "{'test_case': [{'test': {'name': '询价群收列表getModuleId', 'method': 'POST', 'url': '/qtrade_bond/api/privilege/getModuleId.do', 'headers': {'Content-Type': 'application/x-www-form-urlencoded'}, 'validate': {'eq': {'ret': '0', 'retmsg': 'OK'}, 'type': {'list': 'list'}}}}]}", "'询价群收列表getModuleId'" ]
        }, {
          "name" : "询价群收列表getMultipleGuideGlag",
          "uid" : "70faf1e336ca3467",
          "parentUid" : "2fc080db0f0e0bb4de5faaee6abb3b7a",
          "status" : "passed",
          "time" : {
            "start" : 1593686082765,
            "stop" : 1593686082850,
            "duration" : 85
          },
          "flaky" : false,
          "newFailed" : false,
          "parameters" : [ "{'test_case': [{'test': {'name': '询价群收列表getMultipleGuideGlag', 'method': 'POST', 'url': '/qtrade_bond/api/bond_guide/get_multiple_guide_flag.do', 'headers': {'Content-Type': 'application/x-www-form-urlencoded'}, 'data': {'functions': 'enquiry_auto_discern_guide,enquiry_my_collect_guide,enquiry_filter_guide,enquiry_history_guide'}, 'validate': {'eq': {'ret': '0', 'retdata': {'result': {'enquiry_auto_discern_guide': '1', 'enquiry_filter_guide': '1', 'enquiry_history_guide': '1', 'enquiry_my_collect_guide': '1'}}, 'retmsg': 'OK'}}}}]}", "'询价群收列表getMultipleGuideGlag'" ]
        }, {
          "name" : "询价群收列表getUserFunctionAuth",
          "uid" : "520bf190390c0d78",
          "parentUid" : "2fc080db0f0e0bb4de5faaee6abb3b7a",
          "status" : "passed",
          "time" : {
            "start" : 1593686082856,
            "stop" : 1593686082980,
            "duration" : 124
          },
          "flaky" : false,
          "newFailed" : false,
          "parameters" : [ "{'test_case': [{'test': {'name': '询价群收列表getUserFunctionAuth', 'method': 'POST', 'url': '/qtrade_bond/api/bond_enquiry/get_user_function_auth.do', 'headers': {'Content-Type': 'application/x-www-form-urlencoded'}, 'validate': {'eq': {'ret': '0', 'retmsg': 'OK'}}}}]}", "'询价群收列表getUserFunctionAuth'" ]
        }, {
          "name" : "询价群收列表getUserSearchCondition",
          "uid" : "3b2f9e9ff7d42a0e",
          "parentUid" : "2fc080db0f0e0bb4de5faaee6abb3b7a",
          "status" : "passed",
          "time" : {
            "start" : 1593686082983,
            "stop" : 1593686083107,
            "duration" : 124
          },
          "flaky" : false,
          "newFailed" : false,
          "parameters" : [ "{'test_case': [{'test': {'name': '询价群收列表getUserSearchCondition', 'method': 'POST', 'url': '/qtrade_bond/api/bond_enquiry/get_user_search_condition.do', 'headers': {'Content-Type': 'application/x-www-form-urlencoded'}, 'validate': {'eq': {'ret': '0', 'retmsg': 'OK'}}}}]}", "'询价群收列表getUserSearchCondition'" ]
        }, {
          "name" : "询价群收列表getUserSecondDebtPriv",
          "uid" : "b581212619733b38",
          "parentUid" : "2fc080db0f0e0bb4de5faaee6abb3b7a",
          "status" : "passed",
          "time" : {
            "start" : 1593686083111,
            "stop" : 1593686083214,
            "duration" : 103
          },
          "flaky" : false,
          "newFailed" : false,
          "parameters" : [ "{'test_case': [{'test': {'name': '询价群收列表getUserSecondDebtPriv', 'method': 'POST', 'url': '/qtrade_bond_secondary/api/secondDebt/get_user_secondDebtPriv.do', 'headers': {'Content-Type': 'application/x-www-form-urlencoded'}, 'validate': {'eq': {'ret': '0', 'retmsg': 'success'}}}}]}", "'询价群收列表getUserSecondDebtPriv'" ]
        }, {
          "name" : "询价群收列表queryUserGuide",
          "uid" : "f0d6124509fd15c2",
          "parentUid" : "2fc080db0f0e0bb4de5faaee6abb3b7a",
          "status" : "passed",
          "time" : {
            "start" : 1593686083218,
            "stop" : 1593686083298,
            "duration" : 80
          },
          "flaky" : false,
          "newFailed" : false,
          "parameters" : [ "{'test_case': [{'test': {'name': '询价群收列表queryUserGuide', 'method': 'POST', 'url': '/qtrade_bond_secondary/api/secondDebt/query_user_guide.do', 'headers': {'Content-Type': 'application/x-www-form-urlencoded'}, 'validate': {'eq': {'ret': '0', 'retmsg': 'success'}}}}]}", "'询价群收列表queryUserGuide'" ]
        }, {
          "name" : "询价群收列表saveUserOperateEvent",
          "uid" : "845603ed32b9c26d",
          "parentUid" : "2fc080db0f0e0bb4de5faaee6abb3b7a",
          "status" : "passed",
          "time" : {
            "start" : 1593686083301,
            "stop" : 1593686083375,
            "duration" : 74
          },
          "flaky" : false,
          "newFailed" : false,
          "parameters" : [ "{'test_case': [{'test': {'name': '询价群收列表saveUserOperateEvent', 'method': 'POST', 'url': '/qtrade_bond/api/orgAdBondDb/save_user_operate_event.do', 'headers': {'Content-Type': 'application/x-www-form-urlencoded'}, 'data': {'eventType': '56', 'remark': ''}, 'validate': {'eq': {'ret': '0', 'retmsg': 'OK'}}}}]}", "'询价群收列表saveUserOperateEvent'" ]
        }, {
          "name" : "同业存单列表查询queryList",
          "uid" : "4ea6b21ef212c129",
          "parentUid" : "2fc080db0f0e0bb4de5faaee6abb3b7a",
          "status" : "passed",
          "time" : {
            "start" : 1593686083379,
            "stop" : 1593686083479,
            "duration" : 100
          },
          "flaky" : false,
          "newFailed" : false,
          "parameters" : [ "{'test_case': [{'test': {'name': '同业存单列表查询queryList', 'method': 'POST', 'url': '/qtrade_bond_secondary/api/ncd/broker/quote/query_list.do', 'headers': {'Content-Type': 'application/json'}, 'json': {'creditRating': '', 'rate': '', 'term': ''}, 'validate': {'eq': {'ret': '0', 'retmsg': 'ok'}, 'type': {'table': 'dict'}}}}]}", "'同业存单列表查询queryList'" ]
        }, {
          "name" : "存单发行报价群收列表queryList",
          "uid" : "5529570a77461448",
          "parentUid" : "2fc080db0f0e0bb4de5faaee6abb3b7a",
          "status" : "passed",
          "time" : {
            "start" : 1593686083482,
            "stop" : 1593686083576,
            "duration" : 94
          },
          "flaky" : false,
          "newFailed" : false,
          "parameters" : [ "{'test_case': [{'test': {'name': '存单发行报价群收列表queryList', 'method': 'POST', 'url': '/qtrade_bond_secondary/api/ncd/broker/summay/query_list.do', 'headers': {'Content-Type': 'application/json'}, 'json': {'creditRating': '', 'sort': {'name': 'modTime', 'value': 'desc'}, 'term': ''}, 'validate': {'eq': {'ret': '0', 'retmsg': 'ok'}}}}]}", "'存单发行报价群收列表queryList'" ]
        } ],
        "uid" : "2fc080db0f0e0bb4de5faaee6abb3b7a"
      } ],
      "uid" : "88b89a87d23050a826448506d66443ed"
    }, {
      "name" : "test_qt_base",
      "children" : [ {
        "name" : "TestQtBase",
        "children" : [ {
          "name" : "资料页企点版本",
          "uid" : "a18173b5a5a9ec25",
          "parentUid" : "859d4d8513ec7cf7cd98bb7cf601abf2",
          "status" : "passed",
          "time" : {
            "start" : 1593686083580,
            "stop" : 1593686083667,
            "duration" : 87
          },
          "flaky" : false,
          "newFailed" : false,
          "parameters" : [ "{'test_case': [{'test': {'name': '企点版本', 'method': 'POST', 'url': '/qtrade_bond/api/qidianVersion/medalInfo.do', 'headers': {'Content-Type': 'application/x-www-form-urlencoded'}, 'data': {'openId': '6076041F2A94882DD327832855CBD535'}, 'validate': {'eq': {'ret': '1', 'retmsg': 'OK'}}}}]}", "'资料页企点版本'" ]
        }, {
          "name" : "资料页查看用户是否显示机构广告_1",
          "uid" : "62b619ad00d3645d",
          "parentUid" : "859d4d8513ec7cf7cd98bb7cf601abf2",
          "status" : "passed",
          "time" : {
            "start" : 1593686083671,
            "stop" : 1593686083766,
            "duration" : 95
          },
          "flaky" : false,
          "newFailed" : false,
          "parameters" : [ "{'test_case': [{'test': {'name': '查看用户是否显示机构广告', 'method': 'POST', 'url': 'qtrade_bond/api/operation_ad/show.do', 'headers': {'Content-Type': 'application/x-www-form-urlencoded'}, 'data': {'adLocation': '1'}, 'validate': {'eq': {'ret': '0', 'retdata': None, 'retmsg': 'OK'}, 'ne': {'isShow': ''}}}}]}", "'资料页查看用户是否显示机构广告_1'" ]
        }, {
          "name" : "资料页查看用户是否显示机构广告_2",
          "uid" : "b85a88daf6fa902c",
          "parentUid" : "859d4d8513ec7cf7cd98bb7cf601abf2",
          "status" : "passed",
          "time" : {
            "start" : 1593686083770,
            "stop" : 1593686083869,
            "duration" : 99
          },
          "flaky" : false,
          "newFailed" : false,
          "parameters" : [ "{'test_case': [{'test': {'name': '查看用户是否显示机构广告', 'method': 'POST', 'url': 'qtrade_bond/api/operation_ad/show.do', 'headers': {'Content-Type': 'application/x-www-form-urlencoded'}, 'data': {'adLocation': '2'}, 'validate': {'eq': {'ret': '0', 'retdata': None, 'retmsg': 'OK'}, 'ne': {'isShow': ''}}}}]}", "'资料页查看用户是否显示机构广告_2'" ]
        }, {
          "name" : "资料页查看用户是否显示机构广告_3",
          "uid" : "652d02db166cacb1",
          "parentUid" : "859d4d8513ec7cf7cd98bb7cf601abf2",
          "status" : "passed",
          "time" : {
            "start" : 1593686083873,
            "stop" : 1593686083967,
            "duration" : 94
          },
          "flaky" : false,
          "newFailed" : false,
          "parameters" : [ "{'test_case': [{'test': {'name': '查看用户是否显示机构广告', 'method': 'POST', 'url': 'qtrade_bond/api/operation_ad/show.do', 'headers': {'Content-Type': 'application/x-www-form-urlencoded'}, 'data': {'adLocation': '3'}, 'validate': {'eq': {'ret': '0', 'retdata': None, 'retmsg': 'OK'}, 'ne': {'isShow': ''}}}}]}", "'资料页查看用户是否显示机构广告_3'" ]
        }, {
          "name" : "资料页查看是否认证",
          "uid" : "f20ac5c7e1a4c2d0",
          "parentUid" : "859d4d8513ec7cf7cd98bb7cf601abf2",
          "status" : "passed",
          "time" : {
            "start" : 1593686083972,
            "stop" : 1593686084053,
            "duration" : 81
          },
          "flaky" : false,
          "newFailed" : false,
          "parameters" : [ "{'test_case': [{'test': {'name': '查看是否认证', 'method': 'GET', 'url': 'qtrade_ums/api/user/is_real_name.do', 'validate': {'eq': {'code': 0, 'msg': '成功'}}}}]}", "'资料页查看是否认证'" ]
        }, {
          "name" : "资料页右面版广告权限",
          "uid" : "55cb200302659607",
          "parentUid" : "859d4d8513ec7cf7cd98bb7cf601abf2",
          "status" : "passed",
          "time" : {
            "start" : 1593686084057,
            "stop" : 1593686084144,
            "duration" : 87
          },
          "flaky" : false,
          "newFailed" : false,
          "parameters" : [ "{'test_case': [{'test': {'name': '获取右面版广告权限', 'method': 'POST', 'url': '/qtrade_bond/api/orgAdBondDb/queryOrgAdOnQtRightPanel.do', 'headers': {'content-type': 'application/json'}, 'json': {'adShowerQqnumber': '247', 'adViewerQqnumber': '2852826813'}, 'validate': {'eq': {'ret': '0', 'retmsg': 'OK'}}}}]}", "'资料页右面版广告权限'" ]
        }, {
          "name" : "资料页标签列表",
          "uid" : "6e2c4f3d6a21379a",
          "parentUid" : "859d4d8513ec7cf7cd98bb7cf601abf2",
          "status" : "passed",
          "time" : {
            "start" : 1593686084148,
            "stop" : 1593686084243,
            "duration" : 95
          },
          "flaky" : false,
          "newFailed" : false,
          "parameters" : [ "{'test_case': [{'test': {'name': '标签列表', 'method': 'GET', 'url': 'qtrade_ums/api/tag/get_tag_list.do', 'params': {'friendId': '6076041F2A94882DD327832855CBD535'}, 'validate': {'eq': {'code': 0, 'failures': [], 'msg': '成功'}}}}]}", "'资料页标签列表'" ]
        }, {
          "name" : "查看用户资料基础信息",
          "uid" : "3a2d3cc2288d06d7",
          "parentUid" : "859d4d8513ec7cf7cd98bb7cf601abf2",
          "status" : "passed",
          "time" : {
            "start" : 1593686084248,
            "stop" : 1593686084354,
            "duration" : 106
          },
          "flaky" : false,
          "newFailed" : false,
          "parameters" : [ "{'test_case': [{'test': {'name': '查看用户资料基础信息', 'method': 'GET', 'url': '/qtrade_ums/api/user/general_get_info.do?', 'params': {'appid': '202000297', 'fromUser': '6076041F2A94882DD327832855CBD535', 'nonce': '70099852039', 'returnType': 'NEW', 'sceneid': '1', 'signature': '7893ce4e6af565acca89ee871b20146d53b6aa15', 'source': 'PC', 'tabid': '10610', 'timestamp': '1591706128', 'toUser': '713302C666F78A78CF227D48662D45AD', 'type': '8', 'userId': '6076041F2A94882DD327832855CBD535'}, 'validate': {'eq': {'code': 0, 'failures': [], 'msg': '成功'}}}}]}", "'查看用户资料基础信息'" ]
        }, {
          "name" : "获取同业下机构机构列表",
          "uid" : "18c832ab46e0b209",
          "parentUid" : "859d4d8513ec7cf7cd98bb7cf601abf2",
          "status" : "passed",
          "time" : {
            "start" : 1593686084358,
            "stop" : 1593686084467,
            "duration" : 109
          },
          "flaky" : false,
          "newFailed" : false,
          "parameters" : [ "{'test_case': [{'test': {'name': '获取同业下机构机构列表', 'method': 'POST', 'url': '/qtrade_ums/api/panel/get_org_list.do', 'data': {'filterType': '1', 'limit': '200', 'offset': '0', 'orgType': '0'}, 'validate': {'eq': {'code': 0, 'appId': '202000297', 'failures': [], 'msg': '成功'}}}}]}", "'获取同业下机构机构列表'" ]
        }, {
          "name" : "获取标签下成员",
          "uid" : "ba6ae8175777d253",
          "parentUid" : "859d4d8513ec7cf7cd98bb7cf601abf2",
          "status" : "passed",
          "time" : {
            "start" : 1593686084470,
            "stop" : 1593686084669,
            "duration" : 199
          },
          "flaky" : false,
          "newFailed" : false,
          "parameters" : [ "{'test_case': [{'test': {'name': 'qt_base/apis/获取标签列表', 'extract': {'tagId': 'tagId'}}}, {'test': {'name': '获取标签下成员列表', 'method': 'POST', 'url': '/qtrade_ums/api/panel/friend/list.do', 'headers': {'Content-Type': 'application/x-www-form-urlencoded'}, 'data': {'tagId': '${tagId}$'}, 'validate': {'eq': {'code': 0, 'msg': '成功'}}}}]}", "'获取标签下成员'" ]
        }, {
          "name" : "获取标签列表",
          "uid" : "dfdf52babc8615aa",
          "parentUid" : "859d4d8513ec7cf7cd98bb7cf601abf2",
          "status" : "passed",
          "time" : {
            "start" : 1593686084672,
            "stop" : 1593686084763,
            "duration" : 91
          },
          "flaky" : false,
          "newFailed" : false,
          "parameters" : [ "{'test_case': [{'test': {'name': '获取标签列表', 'method': 'POST', 'url': '/qtrade_ums/api/panel/get_tag_list.do', 'headers': {'Content-Type': 'application/x-www-form-urlencoded'}, 'data': {'limit': '5000', 'offset': '0'}, 'validate': {'eq': {'code': 0, 'failures': [], 'msg': '成功'}}}}]}", "'获取标签列表'" ]
        }, {
          "name" : "通讯录全局搜索qq列表",
          "uid" : "f5f3ebe9eb2595ca",
          "parentUid" : "859d4d8513ec7cf7cd98bb7cf601abf2",
          "status" : "passed",
          "time" : {
            "start" : 1593686084767,
            "stop" : 1593686084860,
            "duration" : 93
          },
          "flaky" : false,
          "newFailed" : false,
          "parameters" : [ "{'test_case': [{'test': {'name': '通讯录全局搜索qq列表', 'method': 'POST', 'url': '/qtrade_ums/api/panel/qq/search_list.do', 'headers': {'Content-Type': 'application/x-www-form-urlencoded'}, 'data': {'keyword': '${keyword}', 'limit': '30', 'offset': '0'}, 'validate': {'eq': {'code': 0, 'appId': '202000297', 'failures': [], 'msg': '成功'}}}}]}", "'通讯录全局搜索qq列表'" ]
        }, {
          "name" : "通讯录全局搜索QT列表",
          "uid" : "37e1603ccc82fb65",
          "parentUid" : "859d4d8513ec7cf7cd98bb7cf601abf2",
          "status" : "passed",
          "time" : {
            "start" : 1593686084864,
            "stop" : 1593686084953,
            "duration" : 89
          },
          "flaky" : false,
          "newFailed" : false,
          "parameters" : [ "{'test_case': [{'test': {'name': '通讯录全局搜索QT列表', 'method': 'POST', 'url': 'qtrade_ums/api/panel/user/search_list.do', 'headers': {'Content-Type': 'application/x-www-form-urlencoded'}, 'data': {'keyword': '何婷', 'limit': '5', 'offset': '0'}, 'validate': {'eq': {'code': 0, 'appId': '202000297', 'failures': [], 'msg': '成功'}}}}]}", "'通讯录全局搜索QT列表'" ]
        }, {
          "name" : "通讯录获取机构下成员_非本机构成员",
          "uid" : "c621e393cf21b156",
          "parentUid" : "859d4d8513ec7cf7cd98bb7cf601abf2",
          "status" : "passed",
          "time" : {
            "start" : 1593686084957,
            "stop" : 1593686085206,
            "duration" : 249
          },
          "flaky" : false,
          "newFailed" : false,
          "parameters" : [ "{'test_case': [{'test': {'name': '获取机构下成员', 'method': 'POST', 'url': 'qtrade_ums/api/panel/department/user_list.do', 'data': {'isCurrentOrg': '0', 'nodeId': '8690d327814245ea8f47ba7e7fe8b296', 'tagType': '3'}, 'validate': {'eq': {'code': 0, 'failures': [], 'msg': '成功'}}}}]}", "'通讯录获取机构下成员_非本机构成员'" ]
        }, {
          "name" : "通讯录获取机构下成员_本机构下成员列表",
          "uid" : "6a471c8938d00702",
          "parentUid" : "859d4d8513ec7cf7cd98bb7cf601abf2",
          "status" : "passed",
          "time" : {
            "start" : 1593686085211,
            "stop" : 1593686085434,
            "duration" : 223
          },
          "flaky" : false,
          "newFailed" : false,
          "parameters" : [ "{'test_case': [{'test': {'name': '获取机构下成员', 'method': 'POST', 'url': 'qtrade_ums/api/panel/department/user_list.do', 'data': {'isCurrentOrg': '1', 'nodeId': '8690d327814245ea8f47ba7e7fe8b296', 'tagType': '3'}, 'validate': {'eq': {'code': 0, 'failures': [], 'msg': '成功'}}}}]}", "'通讯录获取机构下成员_本机构下成员列表'" ]
        }, {
          "name" : "通讯录获取标签下成员列表",
          "uid" : "b77ab6bc386b81ec",
          "parentUid" : "859d4d8513ec7cf7cd98bb7cf601abf2",
          "status" : "passed",
          "time" : {
            "start" : 1593686085438,
            "stop" : 1593686085557,
            "duration" : 119
          },
          "flaky" : false,
          "newFailed" : false,
          "parameters" : [ "{'test_case': [{'test': {'name': '获取标签下成员列表', 'method': 'POST', 'url': '/qtrade_ums/api/panel/friend/list.do', 'headers': {'Content-Type': 'application/x-www-form-urlencoded'}, 'data': {'tagId': 'be1d303e4733495dafcf33b0b7ab73a7'}, 'validate': {'eq': {'code': 0}}}}]}", "'通讯录获取标签下成员列表'" ]
        }, {
          "name" : "通讯录获取标签列表",
          "uid" : "9cbe616d05da7e23",
          "parentUid" : "859d4d8513ec7cf7cd98bb7cf601abf2",
          "status" : "passed",
          "time" : {
            "start" : 1593686085560,
            "stop" : 1593686085650,
            "duration" : 90
          },
          "flaky" : false,
          "newFailed" : false,
          "parameters" : [ "{'test_case': [{'test': {'name': '获取标签列表', 'method': 'POST', 'url': '/qtrade_ums/api/panel/get_tag_list.do', 'headers': {'Content-Type': 'application/x-www-form-urlencoded'}, 'data': {'limit': 30, 'offset': '0'}, 'validate': {'eq': {'code': 0, 'appId': '202000297', 'failures': [], 'msg': '成功'}}}}]}", "'通讯录获取标签列表'" ]
        }, {
          "name" : "通讯录账号登录状态",
          "uid" : "743aef5551de6cf8",
          "parentUid" : "859d4d8513ec7cf7cd98bb7cf601abf2",
          "status" : "passed",
          "time" : {
            "start" : 1593686085654,
            "stop" : 1593686085829,
            "duration" : 175
          },
          "flaky" : false,
          "newFailed" : false,
          "parameters" : [ "{'test_case': [{'test': {'name': '获取登录状态', 'method': 'POST', 'url': '/qtrade_ums/api/panel/get_qt_online_status.do', 'headers': {'Content-Type': 'application/x-www-form-urlencoded'}, 'data': {'openIds': '713302C666F78A78CF227D48662D45AD'}, 'validate': {'eq': {'code': 0, 'openId': '713302C666F78A78CF227D48662D45AD', 'failures': [], 'msg': '成功'}}}}]}", "'通讯录账号登录状态'" ]
        } ],
        "uid" : "859d4d8513ec7cf7cd98bb7cf601abf2"
      } ],
      "uid" : "8514dbcb71f928f3996a9a562af35351"
    }, {
      "name" : "test_qt_homepage",
      "children" : [ {
        "name" : "TestQtHomepage",
        "children" : [ {
          "name" : "展示右面版个人资料",
          "uid" : "ea2341d0964e470e",
          "parentUid" : "9467db9321c6f72150d66aff05fb6ae5",
          "status" : "passed",
          "time" : {
            "start" : 1593686085832,
            "stop" : 1593686085920,
            "duration" : 88
          },
          "flaky" : false,
          "newFailed" : false,
          "parameters" : [ "{'test_case': [{'test': {'name': '展示右面版个人资料', 'method': 'GET', 'url': '/qtrade_ums/api/user/general_get_info.do', 'params': {'fromUser': '6076041F2A94882DD327832855CBD535', 'toUser': '998DA2EB9153FF589FDCADD12095D6C3', 'timestamp': '1592549400', 'nonce': '13221485194', 'sceneid': '1', 'signature': '7893ce4e6af565acca89ee871b20146d53b6aa15', 'source': 'PC', 'tabid': '27666', 'returnType': 'NEW', 'appid': 202000297, 'type': '8', 'userId': '998DA2EB9153FF589FDCADD12095D6C3'}, 'validate': {'eq': {'userId': '3ddbdc71ea974e27bac513bf541d99d2'}}}}]}", "'展示右面版个人资料'" ]
        }, {
          "name" : "展示右面版债券速览",
          "uid" : "57b2f0daee67b273",
          "parentUid" : "9467db9321c6f72150d66aff05fb6ae5",
          "status" : "passed",
          "time" : {
            "start" : 1593686085925,
            "stop" : 1593686086071,
            "duration" : 146
          },
          "flaky" : false,
          "newFailed" : false,
          "parameters" : [ "{'test_case': [{'test': {'name': '展示右面版债券速览', 'method': 'GET', 'url': '/bond-basic/api/v1/bond/quick-view/base/10007752', 'validate': {'eq': {'bondChiShortName': '11安泰01'}}}}]}", "'展示右面版债券速览'" ]
        }, {
          "name" : "展示右面版债券速览yc",
          "uid" : "94fffeb3b3ab6f4b",
          "parentUid" : "9467db9321c6f72150d66aff05fb6ae5",
          "status" : "passed",
          "time" : {
            "start" : 1593686086075,
            "stop" : 1593686086216,
            "duration" : 141
          },
          "flaky" : false,
          "newFailed" : false,
          "parameters" : [ "{'test_case': [{'test': {'name': '展示右面版债券速览yc', 'method': 'GET', 'url': '/bond-basic/api/v1/bond/quick-view/chart/yc/10007752', 'params': {'curves': None}, 'validate': {'eq': {'retmsg': '请求成功'}}}}]}", "'展示右面版债券速览yc'" ]
        }, {
          "name" : "展示右面版债券速览估值曲线",
          "uid" : "107239db5544560d",
          "parentUid" : "9467db9321c6f72150d66aff05fb6ae5",
          "status" : "passed",
          "time" : {
            "start" : 1593686086221,
            "stop" : 1593686086401,
            "duration" : 180
          },
          "flaky" : false,
          "newFailed" : false,
          "parameters" : [ "{'test_case': [{'test': {'name': '展示右面版债券速览估值曲线', 'method': 'GET', 'url': '/bond-basic/api/v1/bond/quick-view/chart/valuation/10007752', 'params': {'type': 1}, 'validate': {'eq': {'retmsg': '请求成功'}}}}]}", "'展示右面版债券速览估值曲线'" ]
        }, {
          "name" : "展示右面版债券速览利率",
          "uid" : "34596558eaa96507",
          "parentUid" : "9467db9321c6f72150d66aff05fb6ae5",
          "status" : "passed",
          "time" : {
            "start" : 1593686086405,
            "stop" : 1593686086528,
            "duration" : 123
          },
          "flaky" : false,
          "newFailed" : false,
          "parameters" : [ "{'test_case': [{'test': {'name': '展示右面版债券速览利率', 'method': 'GET', 'url': '/bond-basic/api/v1/bond/quick-view/issue/10007752', 'validate': {'eq': {'retmsg': '请求成功'}}}}]}", "'展示右面版债券速览利率'" ]
        }, {
          "name" : "展示右面版债券速览同样的发行人",
          "uid" : "ef82670d80a351c4",
          "parentUid" : "9467db9321c6f72150d66aff05fb6ae5",
          "status" : "passed",
          "time" : {
            "start" : 1593686086532,
            "stop" : 1593686086693,
            "duration" : 161
          },
          "flaky" : false,
          "newFailed" : false,
          "parameters" : [ "{'test_case': [{'test': {'name': '展示右面版债券速览同样的发行人', 'method': 'GET', 'url': '/bond-basic/api/v1/bond/quick-view/same-issuers/10007752', 'params': {'curves': None}, 'validate': {'eq': {'retmsg': '请求成功'}}}}]}", "'展示右面版债券速览同样的发行人'" ]
        }, {
          "name" : "展示右面版债券速览基础",
          "uid" : "be30b364af9202d7",
          "parentUid" : "9467db9321c6f72150d66aff05fb6ae5",
          "status" : "passed",
          "time" : {
            "start" : 1593686086697,
            "stop" : 1593686086854,
            "duration" : 157
          },
          "flaky" : false,
          "newFailed" : false,
          "parameters" : [ "{'test_case': [{'test': {'name': '展示右面版债券速览基础', 'method': 'GET', 'url': '/bond-basic/api/v1/bond/quick-view/basic/10007752', 'validate': {'eq': {'retmsg': '请求成功'}}}}]}", "'展示右面版债券速览基础'" ]
        }, {
          "name" : "展示右面版债券速览基础",
          "uid" : "a759a782b67813eb",
          "parentUid" : "9467db9321c6f72150d66aff05fb6ae5",
          "status" : "passed",
          "time" : {
            "start" : 1593686086857,
            "stop" : 1593686087073,
            "duration" : 216
          },
          "flaky" : false,
          "newFailed" : false,
          "parameters" : [ "{'test_case': [{'test': {'name': '展示右面版债券速览基础', 'method': 'GET', 'url': '/bond-basic/api/v1/bond/quick-view/ratings/10007752', 'validate': {'eq': {'retmsg': '请求成功'}}}}]}", "'展示右面版债券速览基础'" ]
        }, {
          "name" : "展示右面版快讯",
          "uid" : "9aa7e2750cc59c3c",
          "parentUid" : "9467db9321c6f72150d66aff05fb6ae5",
          "status" : "passed",
          "time" : {
            "start" : 1593686087077,
            "stop" : 1593686087233,
            "duration" : 156
          },
          "flaky" : false,
          "newFailed" : false,
          "parameters" : [ "{'test_case': [{'test': {'name': '展示右面版快讯', 'method': 'GET', 'url': '/bond-basic/api/v1/live/news/info', 'params': {'pageSize': 20}, 'validate': {'eq': {'code': 0, 'retmsg': '请求成功'}}}}]}", "'展示右面版快讯'" ]
        }, {
          "name" : "展示右面版聊过的债",
          "uid" : "c998c2b07b834763",
          "parentUid" : "9467db9321c6f72150d66aff05fb6ae5",
          "status" : "passed",
          "time" : {
            "start" : 1593686087237,
            "stop" : 1593686087325,
            "duration" : 88
          },
          "flaky" : false,
          "newFailed" : false,
          "parameters" : [ "{'test_case': [{'test': {'name': '展示右面版聊过的债', 'method': 'GET', 'url': '/qtrade-app-box/api/bondvaluation/chat/history', 'params': {'direction': 'ALL'}, 'validate': {'eq': {'retmsg': 'ok'}}}}]}", "'展示右面版聊过的债'" ]
        } ],
        "uid" : "9467db9321c6f72150d66aff05fb6ae5"
      } ],
      "uid" : "d3ccb7fbf49d17affbcf146510642e3e"
    }, {
      "name" : "test_qt_independentpanel",
      "children" : [ {
        "name" : "TestQtIndependentpanel",
        "children" : [ {
          "name" : "交易Q意向成交",
          "uid" : "d3981bbc7ccf2532",
          "parentUid" : "b02b75ae3ce611f695b1faa50eb59db8",
          "status" : "passed",
          "time" : {
            "start" : 1593686087329,
            "stop" : 1593686087545,
            "duration" : 216
          },
          "flaky" : false,
          "newFailed" : false,
          "parameters" : [ "{'test_case': [{'test': {'name': '交易Q意向成交', 'url': '/qtrade_bond/api/secondDebt/searchSummary.do', 'method': 'post', 'headers': {'Content-Type': 'application/json;charset=UTF-8'}, 'params': {'pageIndex': 1, 'pageSize': 50, 'keyword': None, 'groupParseNoType': 0, 'beginTradeDate': None, 'endTradeDate': None, 'modifyType': 0, 'broker': 0, 'beginCreateDate': None, 'endCreateDate': None, 'dataCompleteStatus': 0}, 'validate': {'eq': {'retmsg': 'OK'}}}}]}", "'交易Q意向成交'" ]
        }, {
          "name" : "数据Q市场数据",
          "uid" : "9266377bd7903100",
          "parentUid" : "b02b75ae3ce611f695b1faa50eb59db8",
          "status" : "passed",
          "time" : {
            "start" : 1593686087549,
            "stop" : 1593686087639,
            "duration" : 90
          },
          "flaky" : false,
          "newFailed" : false,
          "parameters" : [ "{'test_case': [{'test': {'name': '数据Q市场数据', 'url': '/qtrade_bond/api/orgAdBondDb/queryOrgUserAdGroupInfo.do', 'method': 'post', 'headers': {'Content-Type': 'application/json;charset=UTF-8'}, 'params': {'fromUser': '6076041F2A94882DD327832855CBD535', 'toUser': None, 'timestamp': '1592549400', 'nonce': '18855465653', 'sceneid': '1', 'signature': '0392e91c1729c5a755a6b7e79e2d1a558165e702', 'tabid': '1002', 'appid': 202000297, 'type': '8'}, 'validate': {'eq': {'userId': 'a9a5865e1da6496ea719500b7a4176c2'}}}}]}", "'数据Q市场数据'" ]
        }, {
          "name" : "新债库新债销售信用债",
          "uid" : "d4a2784ea0aaaced",
          "parentUid" : "b02b75ae3ce611f695b1faa50eb59db8",
          "status" : "passed",
          "time" : {
            "start" : 1593686087643,
            "stop" : 1593686087850,
            "duration" : 207
          },
          "flaky" : false,
          "newFailed" : false,
          "parameters" : [ "{'test_case': [{'test': {'name': '新债库新债销售信用债', 'url': '/bond-basic/api/v1/bond/calendar/main/interest/list', 'method': 'get', 'params': {'bondSectorTypes': 'all_interest', 'yearTenor': 'all', 'startDate': '2020-06-19'}, 'validate': {'eq': {'itemName': '利率债'}}}}]}", "'新债库新债销售信用债'" ]
        }, {
          "name" : "新债日历abs",
          "uid" : "f023625a8c1bacf1",
          "parentUid" : "b02b75ae3ce611f695b1faa50eb59db8",
          "status" : "passed",
          "time" : {
            "start" : 1593686087853,
            "stop" : 1593686087992,
            "duration" : 139
          },
          "flaky" : false,
          "newFailed" : false,
          "parameters" : [ "{'test_case': [{'test': {'name': '新债日历abs', 'url': '/bond-basic/api/v1/bond/calendar/main/abs/list', 'method': 'get', 'params': {'isAnnounced': 'all', 'absLevel': 'all', 'absRegulatory': 'all', 'bondRatingCodes': 'all', 'startDate': '2020-06-19'}, 'validate': {'eq': {'itemName': 'ABS'}}}}]}", "'新债日历abs'" ]
        }, {
          "name" : "新债日历信用债",
          "uid" : "d0b396460042a138",
          "parentUid" : "b02b75ae3ce611f695b1faa50eb59db8",
          "status" : "passed",
          "time" : {
            "start" : 1593686087996,
            "stop" : 1593686088162,
            "duration" : 166
          },
          "flaky" : false,
          "newFailed" : false,
          "parameters" : [ "{'test_case': [{'test': {'name': '新债日历信用债', 'url': '/bond-basic/api/v1/bond/calendar/main/credit/list', 'method': 'get', 'params': {'isAnnounced': 'all', 'bondSectorTypes': 'all_credit', 'issuerRatingCodes': 'all', 'issuerAttrs': 'all', 'startDate': '2020-06-19'}, 'validate': {'eq': {'itemName': '信用债'}}}}]}", "'新债日历信用债'" ]
        }, {
          "name" : "新债日历债市存量统计",
          "uid" : "cbddc671fb43a880",
          "parentUid" : "b02b75ae3ce611f695b1faa50eb59db8",
          "status" : "passed",
          "time" : {
            "start" : 1593686088166,
            "stop" : 1593686088301,
            "duration" : 135
          },
          "flaky" : false,
          "newFailed" : false,
          "parameters" : [ "{'test_case': [{'test': {'name': '新债日历债市存量统计', 'url': '/bond-basic/api/v1/bond/general/view/stock/pie', 'method': 'get', 'params': {'year': None}, 'validate': {'eq': {'retmsg': '请求成功'}}}}]}", "'新债日历债市存量统计'" ]
        }, {
          "name" : "新债日历利率债",
          "uid" : "11d4b08f94c8ed20",
          "parentUid" : "b02b75ae3ce611f695b1faa50eb59db8",
          "status" : "passed",
          "time" : {
            "start" : 1593686088305,
            "stop" : 1593686088485,
            "duration" : 180
          },
          "flaky" : false,
          "newFailed" : false,
          "parameters" : [ "{'test_case': [{'test': {'name': '新债日历利率债', 'url': '/bond-basic/api/v1/bond/calendar/main/interest/list', 'method': 'get', 'params': {'bondSectorTypes': 'all_interest', 'yearTenor': 'all', 'startDate': '2020-06-19'}, 'validate': {'eq': {'itemName': '利率债'}}}}]}", "'新债日历利率债'" ]
        }, {
          "name" : "新债日历剩余期限分布表",
          "uid" : "263075245f901c69",
          "parentUid" : "b02b75ae3ce611f695b1faa50eb59db8",
          "status" : "passed",
          "time" : {
            "start" : 1593686088489,
            "stop" : 1593686088592,
            "duration" : 103
          },
          "flaky" : false,
          "newFailed" : false,
          "parameters" : [ "{'test_case': [{'test': {'name': '新债日历剩余期限分布表', 'url': '/bond-basic/api/v1/bond/general/view/distribution/tenor', 'method': 'get', 'params': {'bondSectorType': 'all'}, 'validate': {'eq': {'retmsg': '请求成功'}}}}]}", "'新债日历剩余期限分布表'" ]
        }, {
          "name" : "新债日历发行与到期分析",
          "uid" : "f5bdbebea022c391",
          "parentUid" : "b02b75ae3ce611f695b1faa50eb59db8",
          "status" : "passed",
          "time" : {
            "start" : 1593686088597,
            "stop" : 1593686088791,
            "duration" : 194
          },
          "flaky" : false,
          "newFailed" : false,
          "parameters" : [ "{'test_case': [{'test': {'name': '新债日历发行与到期分析', 'url': '/bond-basic/api/v1/bond/primary/issue/structure/bar', 'method': 'get', 'params': {'range': '1y'}, 'validate': {'eq': {'retmsg': '请求成功'}}}}]}", "'新债日历发行与到期分析'" ]
        }, {
          "name" : "新债日历发行与到期分析合计",
          "uid" : "4d80a76ec7622a37",
          "parentUid" : "b02b75ae3ce611f695b1faa50eb59db8",
          "status" : "passed",
          "time" : {
            "start" : 1593686088795,
            "stop" : 1593686088952,
            "duration" : 157
          },
          "flaky" : false,
          "newFailed" : false,
          "parameters" : [ "{'test_case': [{'test': {'name': '新债日历发行与到期分析合计', 'url': '/bond-basic/api/v1/bond/primary/issue/statistics/table', 'method': 'get', 'params': {'range': '1y'}, 'validate': {'eq': {'retmsg': '请求成功'}}}}]}", "'新债日历发行与到期分析合计'" ]
        }, {
          "name" : "新债日历发行与到期分析报表",
          "uid" : "6ddeb186b2d3a05a",
          "parentUid" : "b02b75ae3ce611f695b1faa50eb59db8",
          "status" : "passed",
          "time" : {
            "start" : 1593686088955,
            "stop" : 1593686089115,
            "duration" : 160
          },
          "flaky" : false,
          "newFailed" : false,
          "parameters" : [ "{'test_case': [{'test': {'name': '新债日历发行与到期分析报表', 'url': '/bond-basic/api/v1/bond/primary/issue/trend/chart', 'method': 'get', 'params': {'range': '1y', 'gran': 'week', 'bondSectorType': 'all'}, 'validate': {'eq': {'retmsg': '请求成功'}}}}]}", "'新债日历发行与到期分析报表'" ]
        }, {
          "name" : "新债日历发行人类型",
          "uid" : "dc96bcfa77a73b27",
          "parentUid" : "b02b75ae3ce611f695b1faa50eb59db8",
          "status" : "passed",
          "time" : {
            "start" : 1593686089119,
            "stop" : 1593686089258,
            "duration" : 139
          },
          "flaky" : false,
          "newFailed" : false,
          "parameters" : [ "{'test_case': [{'test': {'name': '新债日历发行人类型', 'url': '/bond-basic/api/v1/bond/statistic/ncd/interest_rate_trend/chart', 'method': 'get', 'params': {'axis': 'CORP_TYPE', 'maturity': 'LTE_1'}, 'validate': {'eq': {'retmsg': '请求成功'}}}}]}", "'新债日历发行人类型'" ]
        }, {
          "name" : "新债日历发行人评级",
          "uid" : "44ba76094ebd8e74",
          "parentUid" : "b02b75ae3ce611f695b1faa50eb59db8",
          "status" : "passed",
          "time" : {
            "start" : 1593686089262,
            "stop" : 1593686089374,
            "duration" : 112
          },
          "flaky" : false,
          "newFailed" : false,
          "parameters" : [ "{'test_case': [{'test': {'name': '新债日历发行人评级', 'url': '/bond-basic/api/v1/bond/statistic/ncd/interest_rate_trend/chart', 'method': 'get', 'params': {'axis': 'CORP_TYPE', 'maturity': 'ALL'}, 'validate': {'eq': {'retmsg': '请求成功'}}}}]}", "'新债日历发行人评级'" ]
        }, {
          "name" : "新债日历发行失败",
          "uid" : "3a7bc95adc983287",
          "parentUid" : "b02b75ae3ce611f695b1faa50eb59db8",
          "status" : "passed",
          "time" : {
            "start" : 1593686089377,
            "stop" : 1593686089566,
            "duration" : 189
          },
          "flaky" : false,
          "newFailed" : false,
          "parameters" : [ "{'test_case': [{'test': {'name': '新债日历发行失败', 'url': '/bond-basic/api/v1/bond/calendar/failed/list', 'method': 'get', 'params': {'page': 1, 'pageSize': 50, 'type': 5, 'sort': 'projChangeDate:desc', 'dateType': 'proj_change', 'startDate': '2020-06-12', 'endDate': '2020-06-19', 'issuerAttrs': 'all', 'bondSectorSecondTypes': 'all', 'marketCodes': 'all', 'issuerRatingCodes': 'all'}, 'validate': {'eq': {'retmsg': '请求成功'}}}}]}", "'新债日历发行失败'" ]
        }, {
          "name" : "新债日历发行结构",
          "uid" : "42ad29dc2ba8d129",
          "parentUid" : "b02b75ae3ce611f695b1faa50eb59db8",
          "status" : "passed",
          "time" : {
            "start" : 1593686089570,
            "stop" : 1593686089725,
            "duration" : 155
          },
          "flaky" : false,
          "newFailed" : false,
          "parameters" : [ "{'test_case': [{'test': {'name': '新债日历发行结构', 'url': '/bond-basic/api/v1/bond/primary/issue/structure/pie', 'method': 'get', 'params': {'range': '1y'}, 'validate': {'eq': {'retmsg': '请求成功'}}}}]}", "'新债日历发行结构'" ]
        }, {
          "name" : "新债日历同业存单",
          "uid" : "980c4571a6c4a5f2",
          "parentUid" : "b02b75ae3ce611f695b1faa50eb59db8",
          "status" : "passed",
          "time" : {
            "start" : 1593686089730,
            "stop" : 1593686089905,
            "duration" : 175
          },
          "flaky" : false,
          "newFailed" : false,
          "parameters" : [ "{'test_case': [{'test': {'name': '新债日历同业存单', 'url': '/bond-basic/api/v1/bond/calendar/main/ncd/list', 'method': 'get', 'params': {'issuerRatingCodes': 'all', 'monthTenor': 'all', 'startDate': '2020-06-19'}, 'validate': {'eq': {'itemName': '同业存单'}}}}]}", "'新债日历同业存单'" ]
        }, {
          "name" : "新债日历同业存单融资分析",
          "uid" : "f7eec7624afafefe",
          "parentUid" : "b02b75ae3ce611f695b1faa50eb59db8",
          "status" : "passed",
          "time" : {
            "start" : 1593686089910,
            "stop" : 1593686090065,
            "duration" : 155
          },
          "flaky" : false,
          "newFailed" : false,
          "parameters" : [ "{'test_case': [{'test': {'name': '新债日历同业存单融资分析', 'url': '/bond-basic/api/v1/bond/statistic/ncd/financing_analysis/chart', 'method': 'get', 'params': {'gran': 'week'}, 'validate': {'eq': {'retmsg': '请求成功'}}}}]}", "'新债日历同业存单融资分析'" ]
        }, {
          "name" : "新债日历存量分布",
          "uid" : "7c87ef434a044be6",
          "parentUid" : "b02b75ae3ce611f695b1faa50eb59db8",
          "status" : "passed",
          "time" : {
            "start" : 1593686090069,
            "stop" : 1593686090178,
            "duration" : 109
          },
          "flaky" : false,
          "newFailed" : false,
          "parameters" : [ "{'test_case': [{'test': {'name': '新债日历存量分布', 'url': '/bond-basic/api/v1/bond/general/view/stock/table', 'method': 'get', 'params': {'bondSectorType': None}, 'validate': {'eq': {'retmsg': '请求成功'}}}}]}", "'新债日历存量分布'" ]
        }, {
          "name" : "新债日历已发行债券",
          "uid" : "e2cc0f8ab15b1c4f",
          "parentUid" : "b02b75ae3ce611f695b1faa50eb59db8",
          "status" : "passed",
          "time" : {
            "start" : 1593686090182,
            "stop" : 1593686090532,
            "duration" : 350
          },
          "flaky" : false,
          "newFailed" : false,
          "parameters" : [ "{'test_case': [{'test': {'name': '新债日历已发行债券', 'url': '/bond-basic/api/v1/bond/calendar/issue/list', 'method': 'get', 'params': {'page': 1, 'pageSize': 50, 'type': 2, 'sort': 'issueDateStart:desc', 'dateType': 'issue_start', 'startDate': '2020-06-12', 'endDate': '2020-06-19', 'issuerAttrs': 'all', 'bondSectorSecondTypes': 'all', 'marketCodes': 'all', 'issuerRatingCodes': 'all'}, 'validate': {'eq': {'retmsg': '请求成功'}}}}]}", "'新债日历已发行债券'" ]
        }, {
          "name" : "新债日历待发行债券",
          "uid" : "bfdcac063def246c",
          "parentUid" : "b02b75ae3ce611f695b1faa50eb59db8",
          "status" : "passed",
          "time" : {
            "start" : 1593686090535,
            "stop" : 1593686090711,
            "duration" : 176
          },
          "flaky" : false,
          "newFailed" : false,
          "parameters" : [ "{'test_case': [{'test': {'name': '新债日历待发行债券', 'url': '/bond-basic/api/v1/bond/calendar/issue/list', 'method': 'get', 'params': {'page': 1, 'pageSize': 50, 'type': 3, 'sort': 'issueDateStart:asc', 'issuerAttrs': 'all', 'bondSectorSecondTypes': 'all', 'marketCodes': 'all', 'issuerRatingCodes': 'all'}, 'validate': {'eq': {'retmsg': '请求成功'}}}}]}", "'新债日历待发行债券'" ]
        }, {
          "name" : "新债日历新发债券统计",
          "uid" : "4587ada94fc9bada",
          "parentUid" : "b02b75ae3ce611f695b1faa50eb59db8",
          "status" : "passed",
          "time" : {
            "start" : 1593686090716,
            "stop" : 1593686090862,
            "duration" : 146
          },
          "flaky" : false,
          "newFailed" : false,
          "parameters" : [ "{'test_case': [{'test': {'name': '新债日历新发债券统计', 'url': '/bond-basic/api/v1/bond/primary/issue/general/view', 'method': 'get', 'validate': {'eq': {'retmsg': '请求成功'}}}}]}", "'新债日历新发债券统计'" ]
        }, {
          "name" : "新债日历未公告债券",
          "uid" : "55d206e5eb6b47a6",
          "parentUid" : "b02b75ae3ce611f695b1faa50eb59db8",
          "status" : "passed",
          "time" : {
            "start" : 1593686090866,
            "stop" : 1593686091045,
            "duration" : 179
          },
          "flaky" : false,
          "newFailed" : false,
          "parameters" : [ "{'test_case': [{'test': {'name': '新债日历未公告债券', 'url': '/bond-basic/api/v1/bond/calendar/unannc/list', 'method': 'get', 'params': {'page': 1, 'pageSize': 50, 'type': 4, 'sort': 'projChangeDate:desc', 'issuerAttrs': 'all', 'bondSectorSecondTypes': 'all', 'marketCodes': 'all', 'issuerRatingCodes': 'all'}, 'validate': {'eq': {'retmsg': '请求成功'}}}}]}", "'新债日历未公告债券'" ]
        }, {
          "name" : "新债日历未来一年债券到期规模表",
          "uid" : "22c0a384d280134e",
          "parentUid" : "b02b75ae3ce611f695b1faa50eb59db8",
          "status" : "passed",
          "time" : {
            "start" : 1593686091049,
            "stop" : 1593686091165,
            "duration" : 116
          },
          "flaky" : false,
          "newFailed" : false,
          "parameters" : [ "{'test_case': [{'test': {'name': '新债日历未来一年债券到期规模表', 'url': '/bond-basic/api/v1/bond/general/view/end/amount', 'method': 'get', 'params': {'bondSectorType': 'all'}, 'validate': {'eq': {'retmsg': '请求成功'}}}}]}", "'新债日历未来一年债券到期规模表'" ]
        }, {
          "name" : "新债日历近1年发行与到期规模分布",
          "uid" : "9374275fd3df01d3",
          "parentUid" : "b02b75ae3ce611f695b1faa50eb59db8",
          "status" : "passed",
          "time" : {
            "start" : 1593686091170,
            "stop" : 1593686091285,
            "duration" : 115
          },
          "flaky" : false,
          "newFailed" : false,
          "parameters" : [ "{'test_case': [{'test': {'name': '新债日历近1年发行与到期规模分布', 'url': '/bond-basic/api/v1/bond/statistic/ncd/size_distribution/data', 'method': 'get', 'params': {'axis': 'CORP_TYPE', 'type': 'ISSUE_SIZE'}, 'validate': {'eq': {'retmsg': '请求成功'}}}}]}", "'新债日历近1年发行与到期规模分布'" ]
        }, {
          "name" : "新债日历近1年发行利率走势",
          "uid" : "608669253f7c3d20",
          "parentUid" : "b02b75ae3ce611f695b1faa50eb59db8",
          "status" : "passed",
          "time" : {
            "start" : 1593686091288,
            "stop" : 1593686091374,
            "duration" : 86
          },
          "flaky" : false,
          "newFailed" : false,
          "parameters" : [ "{'test_case': [{'test': {'name': '新债日历近1年发行利率走势', 'url': '/bond-basic/api/v1/bond/statistic/ncd/interest_rate_trend/chart', 'method': 'get', 'params': {'axis': 'CORP_TYPE', 'maturity': 'ALL'}, 'validate': {'eq': {'retmsg': '请求成功'}}}}]}", "'新债日历近1年发行利率走势'" ]
        }, {
          "name" : "新债日历近十年历史存量",
          "uid" : "663e6094f9ef7a88",
          "parentUid" : "b02b75ae3ce611f695b1faa50eb59db8",
          "status" : "passed",
          "time" : {
            "start" : 1593686091379,
            "stop" : 1593686091490,
            "duration" : 111
          },
          "flaky" : false,
          "newFailed" : false,
          "parameters" : [ "{'test_case': [{'test': {'name': '新债日历近十年历史存量', 'url': '/bond-basic/api/v1/bond/general/view/stock/bar', 'method': 'get', 'params': {'bondSectorType': None}, 'validate': {'eq': {'retmsg': '请求成功'}}}}]}", "'新债日历近十年历史存量'" ]
        }, {
          "name" : "独立面板快讯",
          "uid" : "d6b8b6cf5d801011",
          "parentUid" : "b02b75ae3ce611f695b1faa50eb59db8",
          "status" : "passed",
          "time" : {
            "start" : 1593686091494,
            "stop" : 1593686091644,
            "duration" : 150
          },
          "flaky" : false,
          "newFailed" : false,
          "parameters" : [ "{'test_case': [{'test': {'name': '独立面板快讯', 'url': '/bond-basic/api/v1/live/news/independent/info', 'method': 'get', 'params': {'pageSize': 30}, 'validate': {'eq': {'retmsg': '请求成功'}}}}]}", "'独立面板快讯'" ]
        } ],
        "uid" : "b02b75ae3ce611f695b1faa50eb59db8"
      } ],
      "uid" : "94c009f805b104f5d80c01ea1116e749"
    }, {
      "name" : "test_qt_org",
      "children" : [ {
        "name" : "TestQtOrg",
        "children" : [ {
          "name" : "不触发显示聊天对象列表",
          "uid" : "acb1d5946f5966fe",
          "parentUid" : "d61d5777ea8b2157014e4c1af89d941d",
          "status" : "passed",
          "time" : {
            "start" : 1593686091648,
            "stop" : 1593686091745,
            "duration" : 97
          },
          "flaky" : false,
          "newFailed" : false,
          "parameters" : [ "{'test_case': [{'test': {'name': '不触发显示聊天对象列表', 'url': '/qtrade_org/api/v1/query_msg_list.do', 'method': 'GET', 'params': {'from_date': '2020-05-29+00:00:00', 'to_date': '2020-06-04+23:59:59', 'type': 0, 'collation': 1, 'member': None, 'key': None, 'offset': 0, 'limit': 50, 'departmentId': None, 'qd_number': '2852925341', 'opp_name': '_Ta%5E', 'opp_openid': 'B269A9E3858B520CC384871D36DEDD64'}, 'validate': {'eq': {'code': 0}}}}]}", "'不触发显示聊天对象列表'" ]
        }, {
          "name" : "操作后显示操作记录",
          "uid" : "dcf90d80c160fbcf",
          "parentUid" : "d61d5777ea8b2157014e4c1af89d941d",
          "status" : "passed",
          "time" : {
            "start" : 1593686091750,
            "stop" : 1593686093744,
            "duration" : 1994
          },
          "flaky" : false,
          "newFailed" : false,
          "parameters" : [ "{'test_case': [{'test': {'name': '操作后显示操作记录', 'url': '/qtrade_org/api/v1/query_op.do', 'method': 'POST', 'headers': {'Content-Type': 'application/x-www-form-urlencoded'}, 'data': {'member': None, 'query_type': 6, 'log_type': 1, 'offset': 0, 'limit': 13}, 'validate': {'eq': {'status_code': 200, 'code': 0, 'msg': '成功'}}}}]}", "'操作后显示操作记录'" ]
        }, {
          "name" : "操作后显示操作记录",
          "uid" : "ec71090ae653e532",
          "parentUid" : "d61d5777ea8b2157014e4c1af89d941d",
          "status" : "passed",
          "time" : {
            "start" : 1593686093747,
            "stop" : 1593686093851,
            "duration" : 104
          },
          "flaky" : false,
          "newFailed" : false,
          "parameters" : [ "{'test_case': [{'test': {'name': '操作后显示操作记录', 'url': '/qtrade_org/api/v1/query_op.do', 'method': 'POST', 'headers': {'Content-Type': 'application/x-www-form-urlencoded'}, 'data': {'member': None, 'query_type': 6, 'log_type': 1, 'offset': 0, 'limit': 13}, 'validate': {'eq': {'status_code': 200, 'code': 0, 'msg': '成功'}}}}]}", "'操作后显示操作记录'" ]
        }, {
          "name" : "查询聊天员工列表",
          "uid" : "e0f3429467c2cbdb",
          "parentUid" : "d61d5777ea8b2157014e4c1af89d941d",
          "status" : "passed",
          "time" : {
            "start" : 1593686093855,
            "stop" : 1593686095389,
            "duration" : 1534
          },
          "flaky" : false,
          "newFailed" : false,
          "parameters" : [ "{'test_case': [{'test': {'name': '查询聊天员工列表', 'url': 'https://test.qtrade.com.cn/qtrade_org/api/v1/search_chat_members.do?from_date=2020-05-23+00:00:00&to_date=2020-05-29+23:59:59&type=1&collation=1&member=&key=&offset=&limit=&departmentId=', 'method': 'POST', 'headers': {'Content-Type': 'application/x-www-form-urlencoded'}, 'data': {'collation': 1, 'from_date': '2019-09-13 00:00:00', 'to_date': '2019-09-19 23:59:59', 'type': '1'}, 'validate': {'eq': {'code': '0'}}}}]}", "'查询聊天员工列表'" ]
        }, {
          "name" : "查询聊天员工列表",
          "uid" : "d87eebdc20a27045",
          "parentUid" : "d61d5777ea8b2157014e4c1af89d941d",
          "status" : "passed",
          "time" : {
            "start" : 1593686095394,
            "stop" : 1593686095510,
            "duration" : 116
          },
          "flaky" : false,
          "newFailed" : false,
          "parameters" : [ "{'test_case': [{'test': {'name': '查询聊天员工列表', 'url': 'https://test.qtrade.com.cn/qtrade_org/api/v1/search_chat_members.do?from_date=2020-05-23+00:00:00&to_date=2020-05-29+23:59:59&type=1&collation=1&member=&key=&offset=&limit=&departmentId=', 'method': 'POST', 'headers': {'Content-Type': 'application/x-www-form-urlencoded'}, 'data': {'collation': 1, 'from_date': '2019-08-13 00:00:00', 'to_date': '2019-09-19 23:59:59', 'type': '1'}, 'validate': {'eq': {'code': '0'}}}}]}", "'查询聊天员工列表'" ]
        }, {
          "name" : "查询聊天对象列表",
          "uid" : "dbe62be714be726d",
          "parentUid" : "d61d5777ea8b2157014e4c1af89d941d",
          "status" : "passed",
          "time" : {
            "start" : 1593686095515,
            "stop" : 1593686095624,
            "duration" : 109
          },
          "flaky" : false,
          "newFailed" : false,
          "parameters" : [ "{'test_case': [{'test': {'name': '查询聊天对象列表', 'url': '/qtrade_org/api/v1/query_recent_chaters.do', 'method': 'GET', 'data': {'collation': 1, 'from_date': '2020-06-17 00:00:00', 'qd_number': 2852855982, 'to_date': '2020-06-23 23:59:59', 'type': 1}, 'validate': {'eq': {'code': 130001}}}}]}", "'查询聊天对象列表'" ]
        }, {
          "name" : "查询聊天对象列表",
          "uid" : "c7d8734e2c5b0d0c",
          "parentUid" : "d61d5777ea8b2157014e4c1af89d941d",
          "status" : "passed",
          "time" : {
            "start" : 1593686095629,
            "stop" : 1593686095722,
            "duration" : 93
          },
          "flaky" : false,
          "newFailed" : false,
          "parameters" : [ "{'test_case': [{'test': {'name': '查询聊天对象列表', 'url': '/qtrade_org/api/v1/query_recent_chaters.do', 'method': 'GET', 'data': {'collation': 1, 'from_date': '2020-06-17 00:00:00', 'qd_number': 2852855982, 'to_date': '2020-06-23 23:59:59', 'type': 1}, 'validate': {'eq': {'code': 130001}}}}]}", "'查询聊天对象列表'" ]
        }, {
          "name" : "管理员查询次数统计图",
          "uid" : "c428c85ac060ac7d",
          "parentUid" : "d61d5777ea8b2157014e4c1af89d941d",
          "status" : "passed",
          "time" : {
            "start" : 1593686095725,
            "stop" : 1593686095833,
            "duration" : 108
          },
          "flaky" : false,
          "newFailed" : false,
          "parameters" : [ "{'test_case': [{'test': {'name': '管理员查询次数统计图', 'url': '/qtrade_org/api/v1/query_op.do', 'method': 'POST', 'headers': {'Content-Type': 'application/x-www-form-urlencoded'}, 'data': {'member': None, 'query_type': 6, 'log_type': 1, 'offset': 0, 'limit': 13}, 'validate': {'eq': {'total': 45, 'name': '超管'}}}}]}", "'管理员查询次数统计图'" ]
        }, {
          "name" : "组织架构维护",
          "uid" : "3ef2aab4ae581693",
          "parentUid" : "d61d5777ea8b2157014e4c1af89d941d",
          "status" : "passed",
          "time" : {
            "start" : 1593686095837,
            "stop" : 1593686096815,
            "duration" : 978
          },
          "flaky" : false,
          "newFailed" : false,
          "parameters" : [ "{'test_case': [{'test': {'name': '组织架构维护', 'url': '/qtrade_org/api/v1/query_account_menu.do', 'method': 'GET', 'validate': {'eq': {'code': 0, 'msg': 'success', 'outQuota': 0, 'resourceName': '概览'}}}}]}", "'组织架构维护'" ]
        }, {
          "name" : "触发显示聊天对象列表",
          "uid" : "87dcc056ed586c84",
          "parentUid" : "d61d5777ea8b2157014e4c1af89d941d",
          "status" : "passed",
          "time" : {
            "start" : 1593686096818,
            "stop" : 1593686096914,
            "duration" : 96
          },
          "flaky" : false,
          "newFailed" : false,
          "parameters" : [ "{'test_case': [{'test': {'name': '触发显示聊天对象列表', 'url': '/qtrade_org/api/v1/search_chat_members.do', 'method': 'GET', 'params': {'from_date': '2020-06-16 00:00:00', 'to_date': '2020-06-22 23:59:59', 'type': 1, 'collation': 1, 'member': 2852855982, 'key': None, 'offset': None, 'limit': None, 'departmentId': None}, 'validate': {'eq': {'msg': 'success'}}}}]}", "'触发显示聊天对象列表'" ]
        }, {
          "name" : "页面显示",
          "uid" : "4e6327ae626759c0",
          "parentUid" : "d61d5777ea8b2157014e4c1af89d941d",
          "status" : "passed",
          "time" : {
            "start" : 1593686096918,
            "stop" : 1593686097904,
            "duration" : 986
          },
          "flaky" : false,
          "newFailed" : false,
          "parameters" : [ "{'test_case': [{'test': {'name': '页面显示', 'url': '/qtrade_org/api/v1/overview/info.do', 'method': 'POST', 'headers': {'Content-Type': 'application/json;charset=UTF-8'}, 'validate': {'eq': {'msg': 'success'}}}}]}", "'页面显示'" ]
        } ],
        "uid" : "d61d5777ea8b2157014e4c1af89d941d"
      } ],
      "uid" : "83eb3be43c16f5217f37b57fc804a8c3"
    } ],
    "uid" : "9614ab5598a04b276864cf0744ce0d93"
  } ]
}