"Status","Start Time","Stop Time","Duration in ms","Parent Suite","Suite","Sub Suite","Test Class","Test Method","Name","Description"
"passed","Thu Jul 02 18:34:46 CST 2020","Thu Jul 02 18:34:46 CST 2020","123","cases","test_qt_homepage","TestQtHomepage","","","展示右面版债券速览利率",""
"passed","Thu Jul 02 18:34:46 CST 2020","Thu Jul 02 18:34:46 CST 2020","180","cases","test_qt_homepage","TestQtHomepage","","","展示右面版债券速览估值曲线",""
"passed","Thu Jul 02 18:34:53 CST 2020","Thu Jul 02 18:34:55 CST 2020","1534","cases","test_qt_org","TestQtOrg","","","查询聊天员工列表",""
"passed","Thu Jul 02 18:34:44 CST 2020","Thu Jul 02 18:34:44 CST 2020","93","cases","test_qt_base","TestQtBase","","","通讯录全局搜索qq列表",""
"passed","Thu Jul 02 18:34:50 CST 2020","Thu Jul 02 18:34:51 CST 2020","179","cases","test_qt_independentpanel","TestQtIndependentpanel","","","新债日历未公告债券",""
"passed","Thu Jul 02 18:34:48 CST 2020","Thu Jul 02 18:34:48 CST 2020","194","cases","test_qt_independentpanel","TestQtIndependentpanel","","","新债日历发行与到期分析",""
"passed","Thu Jul 02 18:34:43 CST 2020","Thu Jul 02 18:34:44 CST 2020","81","cases","test_qt_base","TestQtBase","","","资料页查看是否认证",""
"passed","Thu Jul 02 18:34:42 CST 2020","Thu Jul 02 18:34:42 CST 2020","88","cases","test_Trade_Q","TestTradeQ","","","询价群收列表dataTransmit",""
"passed","Thu Jul 02 18:34:41 CST 2020","Thu Jul 02 18:34:41 CST 2020","104","cases","test_Trade_Q","TestTradeQ","","","资金群收数据列表_所有方向的数据",""
"passed","Thu Jul 02 18:34:42 CST 2020","Thu Jul 02 18:34:42 CST 2020","123","cases","test_Trade_Q","TestTradeQ","","","询价群收列表confirmChangedPriv",""
"passed","Thu Jul 02 18:34:43 CST 2020","Thu Jul 02 18:34:43 CST 2020","95","cases","test_qt_base","TestQtBase","","","资料页查看用户是否显示机构广告_1",""
"passed","Thu Jul 02 18:34:55 CST 2020","Thu Jul 02 18:34:55 CST 2020","109","cases","test_qt_org","TestQtOrg","","","查询聊天对象列表",""
"passed","Thu Jul 02 18:34:47 CST 2020","Thu Jul 02 18:34:47 CST 2020","139","cases","test_qt_independentpanel","TestQtIndependentpanel","","","新债日历abs",""
"passed","Thu Jul 02 18:34:51 CST 2020","Thu Jul 02 18:34:51 CST 2020","116","cases","test_qt_independentpanel","TestQtIndependentpanel","","","新债日历未来一年债券到期规模表",""
"passed","Thu Jul 02 18:34:49 CST 2020","Thu Jul 02 18:34:49 CST 2020","189","cases","test_qt_independentpanel","TestQtIndependentpanel","","","新债日历发行失败",""
"passed","Thu Jul 02 18:34:51 CST 2020","Thu Jul 02 18:34:51 CST 2020","111","cases","test_qt_independentpanel","TestQtIndependentpanel","","","新债日历近十年历史存量",""
"passed","Thu Jul 02 18:34:42 CST 2020","Thu Jul 02 18:34:42 CST 2020","98","cases","test_Trade_Q","TestTradeQ","","","资金群收获取groupcodelist",""
"passed","Thu Jul 02 18:34:40 CST 2020","Thu Jul 02 18:34:41 CST 2020","353","cases","test_Trade_Q","TestTradeQ","","","资金群收我的发布",""
"passed","Thu Jul 02 18:34:46 CST 2020","Thu Jul 02 18:34:46 CST 2020","161","cases","test_qt_homepage","TestQtHomepage","","","展示右面版债券速览同样的发行人",""
"passed","Thu Jul 02 18:34:47 CST 2020","Thu Jul 02 18:34:47 CST 2020","156","cases","test_qt_homepage","TestQtHomepage","","","展示右面版快讯",""
"passed","Thu Jul 02 18:34:45 CST 2020","Thu Jul 02 18:34:45 CST 2020","88","cases","test_qt_homepage","TestQtHomepage","","","展示右面版个人资料",""
"passed","Thu Jul 02 18:34:43 CST 2020","Thu Jul 02 18:34:43 CST 2020","99","cases","test_qt_base","TestQtBase","","","资料页查看用户是否显示机构广告_2",""
"passed","Thu Jul 02 18:34:45 CST 2020","Thu Jul 02 18:34:46 CST 2020","146","cases","test_qt_homepage","TestQtHomepage","","","展示右面版债券速览",""
"passed","Thu Jul 02 18:34:42 CST 2020","Thu Jul 02 18:34:42 CST 2020","91","cases","test_Trade_Q","TestTradeQ","","","资金群收获取权限",""
"passed","Thu Jul 02 18:34:42 CST 2020","Thu Jul 02 18:34:42 CST 2020","139","cases","test_Trade_Q","TestTradeQ","","","询价群收列表getBondInfo",""
"passed","Thu Jul 02 18:34:43 CST 2020","Thu Jul 02 18:34:43 CST 2020","80","cases","test_Trade_Q","TestTradeQ","","","询价群收列表queryUserGuide",""
"passed","Thu Jul 02 18:34:49 CST 2020","Thu Jul 02 18:34:49 CST 2020","155","cases","test_qt_independentpanel","TestQtIndependentpanel","","","新债日历发行结构",""
"passed","Thu Jul 02 18:34:41 CST 2020","Thu Jul 02 18:34:42 CST 2020","115","cases","test_Trade_Q","TestTradeQ","","","资金群收群发报价",""
"passed","Thu Jul 02 18:34:50 CST 2020","Thu Jul 02 18:34:50 CST 2020","350","cases","test_qt_independentpanel","TestQtIndependentpanel","","","新债日历已发行债券",""
"passed","Thu Jul 02 18:34:49 CST 2020","Thu Jul 02 18:34:49 CST 2020","112","cases","test_qt_independentpanel","TestQtIndependentpanel","","","新债日历发行人评级",""
"passed","Thu Jul 02 18:34:43 CST 2020","Thu Jul 02 18:34:43 CST 2020","94","cases","test_Trade_Q","TestTradeQ","","","存单发行报价群收列表queryList",""
"passed","Thu Jul 02 18:34:44 CST 2020","Thu Jul 02 18:34:44 CST 2020","87","cases","test_qt_base","TestQtBase","","","资料页右面版广告权限",""
"passed","Thu Jul 02 18:34:55 CST 2020","Thu Jul 02 18:34:55 CST 2020","108","cases","test_qt_org","TestQtOrg","","","管理员查询次数统计图",""
"passed","Thu Jul 02 18:34:46 CST 2020","Thu Jul 02 18:34:47 CST 2020","216","cases","test_qt_homepage","TestQtHomepage","","","展示右面版债券速览基础",""
"passed","Thu Jul 02 18:34:51 CST 2020","Thu Jul 02 18:34:51 CST 2020","97","cases","test_qt_org","TestQtOrg","","","不触发显示聊天对象列表",""
"passed","Thu Jul 02 18:34:55 CST 2020","Thu Jul 02 18:34:55 CST 2020","116","cases","test_qt_org","TestQtOrg","","","查询聊天员工列表",""
"passed","Thu Jul 02 18:34:41 CST 2020","Thu Jul 02 18:34:41 CST 2020","201","cases","test_Trade_Q","TestTradeQ","","","资金群收数据列表_过滤收的数据",""
"passed","Thu Jul 02 18:34:48 CST 2020","Thu Jul 02 18:34:48 CST 2020","180","cases","test_qt_independentpanel","TestQtIndependentpanel","","","新债日历利率债",""
"passed","Thu Jul 02 18:34:49 CST 2020","Thu Jul 02 18:34:49 CST 2020","139","cases","test_qt_independentpanel","TestQtIndependentpanel","","","新债日历发行人类型",""
"passed","Thu Jul 02 18:34:43 CST 2020","Thu Jul 02 18:34:43 CST 2020","94","cases","test_qt_base","TestQtBase","","","资料页查看用户是否显示机构广告_3",""
"passed","Thu Jul 02 18:34:55 CST 2020","Thu Jul 02 18:34:55 CST 2020","93","cases","test_qt_org","TestQtOrg","","","查询聊天对象列表",""
"passed","Thu Jul 02 18:34:40 CST 2020","Thu Jul 02 18:34:40 CST 2020","145","cases","test_Trade_Q","TestTradeQ","","","头寸管理意向达成列表查询",""
"passed","Thu Jul 02 18:34:41 CST 2020","Thu Jul 02 18:34:41 CST 2020","118","cases","test_Trade_Q","TestTradeQ","","","资金群收数据列表_过滤包含关键字技术的报价",""
"passed","Thu Jul 02 18:34:45 CST 2020","Thu Jul 02 18:34:45 CST 2020","119","cases","test_qt_base","TestQtBase","","","通讯录获取标签下成员列表",""
"passed","Thu Jul 02 18:34:48 CST 2020","Thu Jul 02 18:34:48 CST 2020","135","cases","test_qt_independentpanel","TestQtIndependentpanel","","","新债日历债市存量统计",""
"passed","Thu Jul 02 18:34:41 CST 2020","Thu Jul 02 18:34:41 CST 2020","111","cases","test_Trade_Q","TestTradeQ","","","资金群收数据列表_过滤出的数据",""
"passed","Thu Jul 02 18:34:51 CST 2020","Thu Jul 02 18:34:51 CST 2020","115","cases","test_qt_independentpanel","TestQtIndependentpanel","","","新债日历近1年发行与到期规模分布",""
"passed","Thu Jul 02 18:34:41 CST 2020","Thu Jul 02 18:34:41 CST 2020","114","cases","test_Trade_Q","TestTradeQ","","","资金群收点击聊天对象唤起聊天",""
"passed","Thu Jul 02 18:34:47 CST 2020","Thu Jul 02 18:34:47 CST 2020","88","cases","test_qt_homepage","TestQtHomepage","","","展示右面版聊过的债",""
"passed","Thu Jul 02 18:34:51 CST 2020","Thu Jul 02 18:34:51 CST 2020","86","cases","test_qt_independentpanel","TestQtIndependentpanel","","","新债日历近1年发行利率走势",""
"passed","Thu Jul 02 18:34:45 CST 2020","Thu Jul 02 18:34:45 CST 2020","223","cases","test_qt_base","TestQtBase","","","通讯录获取机构下成员_本机构下成员列表",""
"passed","Thu Jul 02 18:34:44 CST 2020","Thu Jul 02 18:34:44 CST 2020","89","cases","test_qt_base","TestQtBase","","","通讯录全局搜索QT列表",""
"passed","Thu Jul 02 18:34:43 CST 2020","Thu Jul 02 18:34:43 CST 2020","74","cases","test_Trade_Q","TestTradeQ","","","询价群收列表saveUserOperateEvent",""
"passed","Thu Jul 02 18:34:39 CST 2020","Thu Jul 02 18:34:39 CST 2020","103","cases","test_Trade_Q","TestTradeQ","","","头寸管理交易提醒数据查询",""
"passed","Thu Jul 02 18:34:47 CST 2020","Thu Jul 02 18:34:48 CST 2020","166","cases","test_qt_independentpanel","TestQtIndependentpanel","","","新债日历信用债",""
"passed","Thu Jul 02 18:34:44 CST 2020","Thu Jul 02 18:34:44 CST 2020","95","cases","test_qt_base","TestQtBase","","","资料页标签列表",""
"passed","Thu Jul 02 18:34:44 CST 2020","Thu Jul 02 18:34:44 CST 2020","199","cases","test_qt_base","TestQtBase","","","获取标签下成员",""
"passed","Thu Jul 02 18:34:46 CST 2020","Thu Jul 02 18:34:46 CST 2020","141","cases","test_qt_homepage","TestQtHomepage","","","展示右面版债券速览yc",""
"passed","Thu Jul 02 18:34:56 CST 2020","Thu Jul 02 18:34:57 CST 2020","986","cases","test_qt_org","TestQtOrg","","","页面显示",""
"passed","Thu Jul 02 18:34:48 CST 2020","Thu Jul 02 18:34:48 CST 2020","103","cases","test_qt_independentpanel","TestQtIndependentpanel","","","新债日历剩余期限分布表",""
"passed","Thu Jul 02 18:34:48 CST 2020","Thu Jul 02 18:34:48 CST 2020","157","cases","test_qt_independentpanel","TestQtIndependentpanel","","","新债日历发行与到期分析合计",""
"passed","Thu Jul 02 18:34:44 CST 2020","Thu Jul 02 18:34:44 CST 2020","91","cases","test_qt_base","TestQtBase","","","获取标签列表",""
"passed","Thu Jul 02 18:34:42 CST 2020","Thu Jul 02 18:34:43 CST 2020","124","cases","test_Trade_Q","TestTradeQ","","","询价群收列表getUserSearchCondition",""
"passed","Thu Jul 02 18:34:42 CST 2020","Thu Jul 02 18:34:42 CST 2020","100","cases","test_Trade_Q","TestTradeQ","","","询价群收列表getModuleId",""
"passed","Thu Jul 02 18:34:44 CST 2020","Thu Jul 02 18:34:44 CST 2020","109","cases","test_qt_base","TestQtBase","","","获取同业下机构机构列表",""
"passed","Thu Jul 02 18:34:40 CST 2020","Thu Jul 02 18:34:40 CST 2020","104","cases","test_Trade_Q","TestTradeQ","","","头寸管理账户列表",""
"passed","Thu Jul 02 18:34:55 CST 2020","Thu Jul 02 18:34:56 CST 2020","978","cases","test_qt_org","TestQtOrg","","","组织架构维护",""
"passed","Thu Jul 02 18:34:44 CST 2020","Thu Jul 02 18:34:44 CST 2020","106","cases","test_qt_base","TestQtBase","","","查看用户资料基础信息",""
"passed","Thu Jul 02 18:34:39 CST 2020","Thu Jul 02 18:34:40 CST 2020","105","cases","test_Trade_Q","TestTradeQ","","","头寸管理头寸查询",""
"passed","Thu Jul 02 18:34:42 CST 2020","Thu Jul 02 18:34:42 CST 2020","124","cases","test_Trade_Q","TestTradeQ","","","询价群收列表getUserFunctionAuth",""
"passed","Thu Jul 02 18:34:43 CST 2020","Thu Jul 02 18:34:43 CST 2020","87","cases","test_qt_base","TestQtBase","","","资料页企点版本",""
"passed","Thu Jul 02 18:34:43 CST 2020","Thu Jul 02 18:34:43 CST 2020","100","cases","test_Trade_Q","TestTradeQ","","","同业存单列表查询queryList",""
"passed","Thu Jul 02 18:34:49 CST 2020","Thu Jul 02 18:34:49 CST 2020","175","cases","test_qt_independentpanel","TestQtIndependentpanel","","","新债日历同业存单",""
"passed","Thu Jul 02 18:34:48 CST 2020","Thu Jul 02 18:34:49 CST 2020","160","cases","test_qt_independentpanel","TestQtIndependentpanel","","","新债日历发行与到期分析报表",""
"passed","Thu Jul 02 18:34:47 CST 2020","Thu Jul 02 18:34:47 CST 2020","90","cases","test_qt_independentpanel","TestQtIndependentpanel","","","数据Q市场数据",""
"passed","Thu Jul 02 18:34:47 CST 2020","Thu Jul 02 18:34:47 CST 2020","216","cases","test_qt_independentpanel","TestQtIndependentpanel","","","交易Q意向成交",""
"passed","Thu Jul 02 18:34:51 CST 2020","Thu Jul 02 18:34:53 CST 2020","1994","cases","test_qt_org","TestQtOrg","","","操作后显示操作记录",""
"passed","Thu Jul 02 18:34:50 CST 2020","Thu Jul 02 18:34:50 CST 2020","146","cases","test_qt_independentpanel","TestQtIndependentpanel","","","新债日历新发债券统计",""
"passed","Thu Jul 02 18:34:43 CST 2020","Thu Jul 02 18:34:43 CST 2020","103","cases","test_Trade_Q","TestTradeQ","","","询价群收列表getUserSecondDebtPriv",""
"passed","Thu Jul 02 18:34:46 CST 2020","Thu Jul 02 18:34:46 CST 2020","157","cases","test_qt_homepage","TestQtHomepage","","","展示右面版债券速览基础",""
"passed","Thu Jul 02 18:34:51 CST 2020","Thu Jul 02 18:34:51 CST 2020","150","cases","test_qt_independentpanel","TestQtIndependentpanel","","","独立面板快讯",""
"passed","Thu Jul 02 18:34:50 CST 2020","Thu Jul 02 18:34:50 CST 2020","109","cases","test_qt_independentpanel","TestQtIndependentpanel","","","新债日历存量分布",""
"passed","Thu Jul 02 18:34:40 CST 2020","Thu Jul 02 18:34:40 CST 2020","205","cases","test_Trade_Q","TestTradeQ","","","头寸管理头寸详情",""
"passed","Thu Jul 02 18:34:47 CST 2020","Thu Jul 02 18:34:47 CST 2020","207","cases","test_qt_independentpanel","TestQtIndependentpanel","","","新债库新债销售信用债",""
"passed","Thu Jul 02 18:34:45 CST 2020","Thu Jul 02 18:34:45 CST 2020","175","cases","test_qt_base","TestQtBase","","","通讯录账号登录状态",""
"passed","Thu Jul 02 18:34:41 CST 2020","Thu Jul 02 18:34:41 CST 2020","87","cases","test_Trade_Q","TestTradeQ","","","资金群收我的收藏",""
"passed","Thu Jul 02 18:34:40 CST 2020","Thu Jul 02 18:34:40 CST 2020","108","cases","test_Trade_Q","TestTradeQ","","","头寸管理意向汇总列表查询",""
"passed","Thu Jul 02 18:34:42 CST 2020","Thu Jul 02 18:34:42 CST 2020","92","cases","test_Trade_Q","TestTradeQ","","","资金群收获取黑白名单",""
"passed","Thu Jul 02 18:34:40 CST 2020","Thu Jul 02 18:34:40 CST 2020","96","cases","test_Trade_Q","TestTradeQ","","","意向达成获取黑白名单",""
"passed","Thu Jul 02 18:34:53 CST 2020","Thu Jul 02 18:34:53 CST 2020","104","cases","test_qt_org","TestQtOrg","","","操作后显示操作记录",""
"passed","Thu Jul 02 18:34:50 CST 2020","Thu Jul 02 18:34:50 CST 2020","176","cases","test_qt_independentpanel","TestQtIndependentpanel","","","新债日历待发行债券",""
"passed","Thu Jul 02 18:34:42 CST 2020","Thu Jul 02 18:34:42 CST 2020","85","cases","test_Trade_Q","TestTradeQ","","","询价群收列表getMultipleGuideGlag",""
"passed","Thu Jul 02 18:34:49 CST 2020","Thu Jul 02 18:34:50 CST 2020","155","cases","test_qt_independentpanel","TestQtIndependentpanel","","","新债日历同业存单融资分析",""
"passed","Thu Jul 02 18:34:56 CST 2020","Thu Jul 02 18:34:56 CST 2020","96","cases","test_qt_org","TestQtOrg","","","触发显示聊天对象列表",""
"passed","Thu Jul 02 18:34:44 CST 2020","Thu Jul 02 18:34:45 CST 2020","249","cases","test_qt_base","TestQtBase","","","通讯录获取机构下成员_非本机构成员",""
"passed","Thu Jul 02 18:34:45 CST 2020","Thu Jul 02 18:34:45 CST 2020","90","cases","test_qt_base","TestQtBase","","","通讯录获取标签列表",""
