{
  "total" : 5,
  "items" : [ {
    "uid" : "614b8e41f49bca4cf59d85f9481467e7",
    "name" : "qt_Trade_Q",
    "statistic" : {
      "failed" : 0,
      "broken" : 0,
      "skipped" : 0,
      "passed" : 3,
      "unknown" : 0,
      "total" : 3
    }
  }, {
    "uid" : "2db068518f19ebc07774175bd4403b4d",
    "name" : "qt_base",
    "statistic" : {
      "failed" : 0,
      "broken" : 0,
      "skipped" : 0,
      "passed" : 1,
      "unknown" : 0,
      "total" : 1
    }
  }, {
    "uid" : "f9c6d35d110c5cb4d893315c18139e9c",
    "name" : "qt_homepage",
    "statistic" : {
      "failed" : 0,
      "broken" : 0,
      "skipped" : 0,
      "passed" : 1,
      "unknown" : 0,
      "total" : 1
    }
  }, {
    "uid" : "01368c2b9892dc28d0467a79c8c6e57c",
    "name" : "qt_independentpanel",
    "statistic" : {
      "failed" : 0,
      "broken" : 0,
      "skipped" : 0,
      "passed" : 1,
      "unknown" : 0,
      "total" : 1
    }
  }, {
    "uid" : "660937b168de5a04fd999c23f6292490",
    "name" : "qt_org",
    "statistic" : {
      "failed" : 0,
      "broken" : 0,
      "skipped" : 0,
      "passed" : 1,
      "unknown" : 0,
      "total" : 1
    }
  } ]
}