[ {
  "uid" : "845603ed32b9c26d",
  "name" : "询价群收列表saveUserOperateEvent",
  "time" : {
    "start" : 1593686083301,
    "stop" : 1593686083375,
    "duration" : 74
  },
  "status" : "passed",
  "severity" : "normal"
}, {
  "uid" : "6505bf52b8c3ebd2",
  "name" : "头寸管理头寸详情",
  "time" : {
    "start" : 1593686080091,
    "stop" : 1593686080296,
    "duration" : 205
  },
  "status" : "passed",
  "severity" : "normal"
}, {
  "uid" : "d3981bbc7ccf2532",
  "name" : "交易Q意向成交",
  "time" : {
    "start" : 1593686087329,
    "stop" : 1593686087545,
    "duration" : 216
  },
  "status" : "passed",
  "severity" : "normal"
}, {
  "uid" : "b77ab6bc386b81ec",
  "name" : "通讯录获取标签下成员列表",
  "time" : {
    "start" : 1593686085438,
    "stop" : 1593686085557,
    "duration" : 119
  },
  "status" : "passed",
  "severity" : "normal"
}, {
  "uid" : "c998c2b07b834763",
  "name" : "展示右面版聊过的债",
  "time" : {
    "start" : 1593686087237,
    "stop" : 1593686087325,
    "duration" : 88
  },
  "status" : "passed",
  "severity" : "normal"
}, {
  "uid" : "9cbe616d05da7e23",
  "name" : "通讯录获取标签列表",
  "time" : {
    "start" : 1593686085560,
    "stop" : 1593686085650,
    "duration" : 90
  },
  "status" : "passed",
  "severity" : "normal"
}, {
  "uid" : "70faf1e336ca3467",
  "name" : "询价群收列表getMultipleGuideGlag",
  "time" : {
    "start" : 1593686082765,
    "stop" : 1593686082850,
    "duration" : 85
  },
  "status" : "passed",
  "severity" : "normal"
}, {
  "uid" : "be30b364af9202d7",
  "name" : "展示右面版债券速览基础",
  "time" : {
    "start" : 1593686086697,
    "stop" : 1593686086854,
    "duration" : 157
  },
  "status" : "passed",
  "severity" : "normal"
}, {
  "uid" : "608669253f7c3d20",
  "name" : "新债日历近1年发行利率走势",
  "time" : {
    "start" : 1593686091288,
    "stop" : 1593686091374,
    "duration" : 86
  },
  "status" : "passed",
  "severity" : "normal"
}, {
  "uid" : "c428c85ac060ac7d",
  "name" : "管理员查询次数统计图",
  "time" : {
    "start" : 1593686095725,
    "stop" : 1593686095833,
    "duration" : 108
  },
  "status" : "passed",
  "severity" : "normal"
}, {
  "uid" : "e40e10713dd2a718",
  "name" : "头寸管理意向汇总列表查询",
  "time" : {
    "start" : 1593686080301,
    "stop" : 1593686080409,
    "duration" : 108
  },
  "status" : "passed",
  "severity" : "normal"
}, {
  "uid" : "dfdf52babc8615aa",
  "name" : "获取标签列表",
  "time" : {
    "start" : 1593686084672,
    "stop" : 1593686084763,
    "duration" : 91
  },
  "status" : "passed",
  "severity" : "normal"
}, {
  "uid" : "743aef5551de6cf8",
  "name" : "通讯录账号登录状态",
  "time" : {
    "start" : 1593686085654,
    "stop" : 1593686085829,
    "duration" : 175
  },
  "status" : "passed",
  "severity" : "normal"
}, {
  "uid" : "a18173b5a5a9ec25",
  "name" : "资料页企点版本",
  "time" : {
    "start" : 1593686083580,
    "stop" : 1593686083667,
    "duration" : 87
  },
  "status" : "passed",
  "severity" : "normal"
}, {
  "uid" : "652d02db166cacb1",
  "name" : "资料页查看用户是否显示机构广告_3",
  "time" : {
    "start" : 1593686083873,
    "stop" : 1593686083967,
    "duration" : 94
  },
  "status" : "passed",
  "severity" : "normal"
}, {
  "uid" : "d87eebdc20a27045",
  "name" : "查询聊天员工列表",
  "time" : {
    "start" : 1593686095394,
    "stop" : 1593686095510,
    "duration" : 116
  },
  "status" : "passed",
  "severity" : "normal"
}, {
  "uid" : "3b2f9e9ff7d42a0e",
  "name" : "询价群收列表getUserSearchCondition",
  "time" : {
    "start" : 1593686082983,
    "stop" : 1593686083107,
    "duration" : 124
  },
  "status" : "passed",
  "severity" : "normal"
}, {
  "uid" : "11d4b08f94c8ed20",
  "name" : "新债日历利率债",
  "time" : {
    "start" : 1593686088305,
    "stop" : 1593686088485,
    "duration" : 180
  },
  "status" : "passed",
  "severity" : "normal"
}, {
  "uid" : "37e1603ccc82fb65",
  "name" : "通讯录全局搜索QT列表",
  "time" : {
    "start" : 1593686084864,
    "stop" : 1593686084953,
    "duration" : 89
  },
  "status" : "passed",
  "severity" : "normal"
}, {
  "uid" : "3a2d3cc2288d06d7",
  "name" : "查看用户资料基础信息",
  "time" : {
    "start" : 1593686084248,
    "stop" : 1593686084354,
    "duration" : 106
  },
  "status" : "passed",
  "severity" : "normal"
}, {
  "uid" : "5c45a1500b69c0c1",
  "name" : "头寸管理头寸查询",
  "time" : {
    "start" : 1593686079982,
    "stop" : 1593686080087,
    "duration" : 105
  },
  "status" : "passed",
  "severity" : "normal"
}, {
  "uid" : "7c87ef434a044be6",
  "name" : "新债日历存量分布",
  "time" : {
    "start" : 1593686090069,
    "stop" : 1593686090178,
    "duration" : 109
  },
  "status" : "passed",
  "severity" : "normal"
}, {
  "uid" : "ce72bafed93603e4",
  "name" : "意向达成获取黑白名单",
  "time" : {
    "start" : 1593686080671,
    "stop" : 1593686080767,
    "duration" : 96
  },
  "status" : "passed",
  "severity" : "normal"
}, {
  "uid" : "6e2c4f3d6a21379a",
  "name" : "资料页标签列表",
  "time" : {
    "start" : 1593686084148,
    "stop" : 1593686084243,
    "duration" : 95
  },
  "status" : "passed",
  "severity" : "normal"
}, {
  "uid" : "c621e393cf21b156",
  "name" : "通讯录获取机构下成员_非本机构成员",
  "time" : {
    "start" : 1593686084957,
    "stop" : 1593686085206,
    "duration" : 249
  },
  "status" : "passed",
  "severity" : "normal"
}, {
  "uid" : "ba6ae8175777d253",
  "name" : "获取标签下成员",
  "time" : {
    "start" : 1593686084470,
    "stop" : 1593686084669,
    "duration" : 199
  },
  "status" : "passed",
  "severity" : "normal"
}, {
  "uid" : "4b6dc24325da570f",
  "name" : "资金群收点击聊天对象唤起聊天",
  "time" : {
    "start" : 1593686081768,
    "stop" : 1593686081882,
    "duration" : 114
  },
  "status" : "passed",
  "severity" : "normal"
}, {
  "uid" : "94fffeb3b3ab6f4b",
  "name" : "展示右面版债券速览yc",
  "time" : {
    "start" : 1593686086075,
    "stop" : 1593686086216,
    "duration" : 141
  },
  "status" : "passed",
  "severity" : "normal"
}, {
  "uid" : "9374275fd3df01d3",
  "name" : "新债日历近1年发行与到期规模分布",
  "time" : {
    "start" : 1593686091170,
    "stop" : 1593686091285,
    "duration" : 115
  },
  "status" : "passed",
  "severity" : "normal"
}, {
  "uid" : "7807d71aaed23b3",
  "name" : "资金群收数据列表_过滤收的数据",
  "time" : {
    "start" : 1593686081325,
    "stop" : 1593686081526,
    "duration" : 201
  },
  "status" : "passed",
  "severity" : "normal"
}, {
  "uid" : "f7eec7624afafefe",
  "name" : "新债日历同业存单融资分析",
  "time" : {
    "start" : 1593686089910,
    "stop" : 1593686090065,
    "duration" : 155
  },
  "status" : "passed",
  "severity" : "normal"
}, {
  "uid" : "d24f80b7ddc8c348",
  "name" : "头寸管理交易提醒数据查询",
  "time" : {
    "start" : 1593686079876,
    "stop" : 1593686079979,
    "duration" : 103
  },
  "status" : "passed",
  "severity" : "normal"
}, {
  "uid" : "6a471c8938d00702",
  "name" : "通讯录获取机构下成员_本机构下成员列表",
  "time" : {
    "start" : 1593686085211,
    "stop" : 1593686085434,
    "duration" : 223
  },
  "status" : "passed",
  "severity" : "normal"
}, {
  "uid" : "44ba76094ebd8e74",
  "name" : "新债日历发行人评级",
  "time" : {
    "start" : 1593686089262,
    "stop" : 1593686089374,
    "duration" : 112
  },
  "status" : "passed",
  "severity" : "normal"
}, {
  "uid" : "487a6dc6a4e1dae1",
  "name" : "询价群收列表getModuleId",
  "time" : {
    "start" : 1593686082661,
    "stop" : 1593686082761,
    "duration" : 100
  },
  "status" : "passed",
  "severity" : "normal"
}, {
  "uid" : "520bf190390c0d78",
  "name" : "询价群收列表getUserFunctionAuth",
  "time" : {
    "start" : 1593686082856,
    "stop" : 1593686082980,
    "duration" : 124
  },
  "status" : "passed",
  "severity" : "normal"
}, {
  "uid" : "935e4a1d5c9eebbe",
  "name" : "头寸管理意向达成列表查询",
  "time" : {
    "start" : 1593686080413,
    "stop" : 1593686080558,
    "duration" : 145
  },
  "status" : "passed",
  "severity" : "normal"
}, {
  "uid" : "263075245f901c69",
  "name" : "新债日历剩余期限分布表",
  "time" : {
    "start" : 1593686088489,
    "stop" : 1593686088592,
    "duration" : 103
  },
  "status" : "passed",
  "severity" : "normal"
}, {
  "uid" : "d4a2784ea0aaaced",
  "name" : "新债库新债销售信用债",
  "time" : {
    "start" : 1593686087643,
    "stop" : 1593686087850,
    "duration" : 207
  },
  "status" : "passed",
  "severity" : "normal"
}, {
  "uid" : "34596558eaa96507",
  "name" : "展示右面版债券速览利率",
  "time" : {
    "start" : 1593686086405,
    "stop" : 1593686086528,
    "duration" : 123
  },
  "status" : "passed",
  "severity" : "normal"
}, {
  "uid" : "8c8edcd5b697ddb",
  "name" : "资金群收数据列表_过滤出的数据",
  "time" : {
    "start" : 1593686081532,
    "stop" : 1593686081643,
    "duration" : 111
  },
  "status" : "passed",
  "severity" : "normal"
}, {
  "uid" : "6ddeb186b2d3a05a",
  "name" : "新债日历发行与到期分析报表",
  "time" : {
    "start" : 1593686088955,
    "stop" : 1593686089115,
    "duration" : 160
  },
  "status" : "passed",
  "severity" : "normal"
}, {
  "uid" : "e8a66b065aa0ee04",
  "name" : "资金群收我的发布",
  "time" : {
    "start" : 1593686080770,
    "stop" : 1593686081123,
    "duration" : 353
  },
  "status" : "passed",
  "severity" : "normal"
}, {
  "uid" : "ef82670d80a351c4",
  "name" : "展示右面版债券速览同样的发行人",
  "time" : {
    "start" : 1593686086532,
    "stop" : 1593686086693,
    "duration" : 161
  },
  "status" : "passed",
  "severity" : "normal"
}, {
  "uid" : "ff240c745d3da38a",
  "name" : "资金群收我的收藏",
  "time" : {
    "start" : 1593686081126,
    "stop" : 1593686081213,
    "duration" : 87
  },
  "status" : "passed",
  "severity" : "normal"
}, {
  "uid" : "980c4571a6c4a5f2",
  "name" : "新债日历同业存单",
  "time" : {
    "start" : 1593686089730,
    "stop" : 1593686089905,
    "duration" : 175
  },
  "status" : "passed",
  "severity" : "normal"
}, {
  "uid" : "3d308cdcf034c3a2",
  "name" : "询价群收列表dataTransmit",
  "time" : {
    "start" : 1593686082426,
    "stop" : 1593686082514,
    "duration" : 88
  },
  "status" : "passed",
  "severity" : "normal"
}, {
  "uid" : "18c832ab46e0b209",
  "name" : "获取同业下机构机构列表",
  "time" : {
    "start" : 1593686084358,
    "stop" : 1593686084467,
    "duration" : 109
  },
  "status" : "passed",
  "severity" : "normal"
}, {
  "uid" : "dcf90d80c160fbcf",
  "name" : "操作后显示操作记录",
  "time" : {
    "start" : 1593686091750,
    "stop" : 1593686093744,
    "duration" : 1994
  },
  "status" : "passed",
  "severity" : "normal"
}, {
  "uid" : "3ef2aab4ae581693",
  "name" : "组织架构维护",
  "time" : {
    "start" : 1593686095837,
    "stop" : 1593686096815,
    "duration" : 978
  },
  "status" : "passed",
  "severity" : "normal"
}, {
  "uid" : "f5bdbebea022c391",
  "name" : "新债日历发行与到期分析",
  "time" : {
    "start" : 1593686088597,
    "stop" : 1593686088791,
    "duration" : 194
  },
  "status" : "passed",
  "severity" : "normal"
}, {
  "uid" : "4ea6b21ef212c129",
  "name" : "同业存单列表查询queryList",
  "time" : {
    "start" : 1593686083379,
    "stop" : 1593686083479,
    "duration" : 100
  },
  "status" : "passed",
  "severity" : "normal"
}, {
  "uid" : "4dfbda3d13bf6060",
  "name" : "头寸管理账户列表",
  "time" : {
    "start" : 1593686080562,
    "stop" : 1593686080666,
    "duration" : 104
  },
  "status" : "passed",
  "severity" : "normal"
}, {
  "uid" : "4e6327ae626759c0",
  "name" : "页面显示",
  "time" : {
    "start" : 1593686096918,
    "stop" : 1593686097904,
    "duration" : 986
  },
  "status" : "passed",
  "severity" : "normal"
}, {
  "uid" : "e2cc0f8ab15b1c4f",
  "name" : "新债日历已发行债券",
  "time" : {
    "start" : 1593686090182,
    "stop" : 1593686090532,
    "duration" : 350
  },
  "status" : "passed",
  "severity" : "normal"
}, {
  "uid" : "4d80a76ec7622a37",
  "name" : "新债日历发行与到期分析合计",
  "time" : {
    "start" : 1593686088795,
    "stop" : 1593686088952,
    "duration" : 157
  },
  "status" : "passed",
  "severity" : "normal"
}, {
  "uid" : "b581212619733b38",
  "name" : "询价群收列表getUserSecondDebtPriv",
  "time" : {
    "start" : 1593686083111,
    "stop" : 1593686083214,
    "duration" : 103
  },
  "status" : "passed",
  "severity" : "normal"
}, {
  "uid" : "4587ada94fc9bada",
  "name" : "新债日历新发债券统计",
  "time" : {
    "start" : 1593686090716,
    "stop" : 1593686090862,
    "duration" : 146
  },
  "status" : "passed",
  "severity" : "normal"
}, {
  "uid" : "f5f3ebe9eb2595ca",
  "name" : "通讯录全局搜索qq列表",
  "time" : {
    "start" : 1593686084767,
    "stop" : 1593686084860,
    "duration" : 93
  },
  "status" : "passed",
  "severity" : "normal"
}, {
  "uid" : "42ad29dc2ba8d129",
  "name" : "新债日历发行结构",
  "time" : {
    "start" : 1593686089570,
    "stop" : 1593686089725,
    "duration" : 155
  },
  "status" : "passed",
  "severity" : "normal"
}, {
  "uid" : "f0d6124509fd15c2",
  "name" : "询价群收列表queryUserGuide",
  "time" : {
    "start" : 1593686083218,
    "stop" : 1593686083298,
    "duration" : 80
  },
  "status" : "passed",
  "severity" : "normal"
}, {
  "uid" : "b85a88daf6fa902c",
  "name" : "资料页查看用户是否显示机构广告_2",
  "time" : {
    "start" : 1593686083770,
    "stop" : 1593686083869,
    "duration" : 99
  },
  "status" : "passed",
  "severity" : "normal"
}, {
  "uid" : "57b2f0daee67b273",
  "name" : "展示右面版债券速览",
  "time" : {
    "start" : 1593686085925,
    "stop" : 1593686086071,
    "duration" : 146
  },
  "status" : "passed",
  "severity" : "normal"
}, {
  "uid" : "ea2341d0964e470e",
  "name" : "展示右面版个人资料",
  "time" : {
    "start" : 1593686085832,
    "stop" : 1593686085920,
    "duration" : 88
  },
  "status" : "passed",
  "severity" : "normal"
}, {
  "uid" : "1caf5a0b3c9d1cfd",
  "name" : "资金群收数据列表_过滤包含关键字技术的报价",
  "time" : {
    "start" : 1593686081646,
    "stop" : 1593686081764,
    "duration" : 118
  },
  "status" : "passed",
  "severity" : "normal"
}, {
  "uid" : "a759a782b67813eb",
  "name" : "展示右面版债券速览基础",
  "time" : {
    "start" : 1593686086857,
    "stop" : 1593686087073,
    "duration" : 216
  },
  "status" : "passed",
  "severity" : "normal"
}, {
  "uid" : "dbe62be714be726d",
  "name" : "查询聊天对象列表",
  "time" : {
    "start" : 1593686095515,
    "stop" : 1593686095624,
    "duration" : 109
  },
  "status" : "passed",
  "severity" : "normal"
}, {
  "uid" : "55cb200302659607",
  "name" : "资料页右面版广告权限",
  "time" : {
    "start" : 1593686084057,
    "stop" : 1593686084144,
    "duration" : 87
  },
  "status" : "passed",
  "severity" : "normal"
}, {
  "uid" : "22c0a384d280134e",
  "name" : "新债日历未来一年债券到期规模表",
  "time" : {
    "start" : 1593686091049,
    "stop" : 1593686091165,
    "duration" : 116
  },
  "status" : "passed",
  "severity" : "normal"
}, {
  "uid" : "34f57976cd6e4e0e",
  "name" : "询价群收列表getBondInfo",
  "time" : {
    "start" : 1593686082518,
    "stop" : 1593686082657,
    "duration" : 139
  },
  "status" : "passed",
  "severity" : "normal"
}, {
  "uid" : "c7d8734e2c5b0d0c",
  "name" : "查询聊天对象列表",
  "time" : {
    "start" : 1593686095629,
    "stop" : 1593686095722,
    "duration" : 93
  },
  "status" : "passed",
  "severity" : "normal"
}, {
  "uid" : "3a7bc95adc983287",
  "name" : "新债日历发行失败",
  "time" : {
    "start" : 1593686089377,
    "stop" : 1593686089566,
    "duration" : 189
  },
  "status" : "passed",
  "severity" : "normal"
}, {
  "uid" : "107239db5544560d",
  "name" : "展示右面版债券速览估值曲线",
  "time" : {
    "start" : 1593686086221,
    "stop" : 1593686086401,
    "duration" : 180
  },
  "status" : "passed",
  "severity" : "normal"
}, {
  "uid" : "6cc23d23e4acc8e5",
  "name" : "询价群收列表confirmChangedPriv",
  "time" : {
    "start" : 1593686082299,
    "stop" : 1593686082422,
    "duration" : 123
  },
  "status" : "passed",
  "severity" : "normal"
}, {
  "uid" : "e0f3429467c2cbdb",
  "name" : "查询聊天员工列表",
  "time" : {
    "start" : 1593686093855,
    "stop" : 1593686095389,
    "duration" : 1534
  },
  "status" : "passed",
  "severity" : "normal"
}, {
  "uid" : "ec71090ae653e532",
  "name" : "操作后显示操作记录",
  "time" : {
    "start" : 1593686093747,
    "stop" : 1593686093851,
    "duration" : 104
  },
  "status" : "passed",
  "severity" : "normal"
}, {
  "uid" : "cbddc671fb43a880",
  "name" : "新债日历债市存量统计",
  "time" : {
    "start" : 1593686088166,
    "stop" : 1593686088301,
    "duration" : 135
  },
  "status" : "passed",
  "severity" : "normal"
}, {
  "uid" : "acb1d5946f5966fe",
  "name" : "不触发显示聊天对象列表",
  "time" : {
    "start" : 1593686091648,
    "stop" : 1593686091745,
    "duration" : 97
  },
  "status" : "passed",
  "severity" : "normal"
}, {
  "uid" : "d0b396460042a138",
  "name" : "新债日历信用债",
  "time" : {
    "start" : 1593686087996,
    "stop" : 1593686088162,
    "duration" : 166
  },
  "status" : "passed",
  "severity" : "normal"
}, {
  "uid" : "f55a52d8c252c3a5",
  "name" : "资金群收获取groupcodelist",
  "time" : {
    "start" : 1593686082007,
    "stop" : 1593686082105,
    "duration" : 98
  },
  "status" : "passed",
  "severity" : "normal"
}, {
  "uid" : "f20ac5c7e1a4c2d0",
  "name" : "资料页查看是否认证",
  "time" : {
    "start" : 1593686083972,
    "stop" : 1593686084053,
    "duration" : 81
  },
  "status" : "passed",
  "severity" : "normal"
}, {
  "uid" : "b37fa62d80397c11",
  "name" : "资金群收数据列表_所有方向的数据",
  "time" : {
    "start" : 1593686081217,
    "stop" : 1593686081321,
    "duration" : 104
  },
  "status" : "passed",
  "severity" : "normal"
}, {
  "uid" : "62b619ad00d3645d",
  "name" : "资料页查看用户是否显示机构广告_1",
  "time" : {
    "start" : 1593686083671,
    "stop" : 1593686083766,
    "duration" : 95
  },
  "status" : "passed",
  "severity" : "normal"
}, {
  "uid" : "87dcc056ed586c84",
  "name" : "触发显示聊天对象列表",
  "time" : {
    "start" : 1593686096818,
    "stop" : 1593686096914,
    "duration" : 96
  },
  "status" : "passed",
  "severity" : "normal"
}, {
  "uid" : "544495f27df79523",
  "name" : "资金群收获取权限",
  "time" : {
    "start" : 1593686082109,
    "stop" : 1593686082200,
    "duration" : 91
  },
  "status" : "passed",
  "severity" : "normal"
}, {
  "uid" : "21e3e5377d60ef14",
  "name" : "资金群收获取黑白名单",
  "time" : {
    "start" : 1593686082204,
    "stop" : 1593686082296,
    "duration" : 92
  },
  "status" : "passed",
  "severity" : "normal"
}, {
  "uid" : "bfdcac063def246c",
  "name" : "新债日历待发行债券",
  "time" : {
    "start" : 1593686090535,
    "stop" : 1593686090711,
    "duration" : 176
  },
  "status" : "passed",
  "severity" : "normal"
}, {
  "uid" : "9aa7e2750cc59c3c",
  "name" : "展示右面版快讯",
  "time" : {
    "start" : 1593686087077,
    "stop" : 1593686087233,
    "duration" : 156
  },
  "status" : "passed",
  "severity" : "normal"
}, {
  "uid" : "f023625a8c1bacf1",
  "name" : "新债日历abs",
  "time" : {
    "start" : 1593686087853,
    "stop" : 1593686087992,
    "duration" : 139
  },
  "status" : "passed",
  "severity" : "normal"
}, {
  "uid" : "dc96bcfa77a73b27",
  "name" : "新债日历发行人类型",
  "time" : {
    "start" : 1593686089119,
    "stop" : 1593686089258,
    "duration" : 139
  },
  "status" : "passed",
  "severity" : "normal"
}, {
  "uid" : "663e6094f9ef7a88",
  "name" : "新债日历近十年历史存量",
  "time" : {
    "start" : 1593686091379,
    "stop" : 1593686091490,
    "duration" : 111
  },
  "status" : "passed",
  "severity" : "normal"
}, {
  "uid" : "f9ac630f6d2e395",
  "name" : "资金群收群发报价",
  "time" : {
    "start" : 1593686081886,
    "stop" : 1593686082001,
    "duration" : 115
  },
  "status" : "passed",
  "severity" : "normal"
}, {
  "uid" : "5529570a77461448",
  "name" : "存单发行报价群收列表queryList",
  "time" : {
    "start" : 1593686083482,
    "stop" : 1593686083576,
    "duration" : 94
  },
  "status" : "passed",
  "severity" : "normal"
}, {
  "uid" : "55d206e5eb6b47a6",
  "name" : "新债日历未公告债券",
  "time" : {
    "start" : 1593686090866,
    "stop" : 1593686091045,
    "duration" : 179
  },
  "status" : "passed",
  "severity" : "normal"
}, {
  "uid" : "d6b8b6cf5d801011",
  "name" : "独立面板快讯",
  "time" : {
    "start" : 1593686091494,
    "stop" : 1593686091644,
    "duration" : 150
  },
  "status" : "passed",
  "severity" : "normal"
}, {
  "uid" : "9266377bd7903100",
  "name" : "数据Q市场数据",
  "time" : {
    "start" : 1593686087549,
    "stop" : 1593686087639,
    "duration" : 90
  },
  "status" : "passed",
  "severity" : "normal"
} ]