{
  "b98dd2aed167cf7059e549883a7ebda5" : {
    "statistic" : {
      "failed" : 0,
      "broken" : 0,
      "skipped" : 0,
      "passed" : 1,
      "unknown" : 0,
      "total" : 1
    },
    "items" : [ {
      "uid" : "b85a88daf6fa902c",
      "status" : "passed",
      "time" : {
        "start" : 1593686083770,
        "stop" : 1593686083869,
        "duration" : 99
      }
    } ]
  },
  "19af863ef5c3fbec7d97bef2eee32831" : {
    "statistic" : {
      "failed" : 0,
      "broken" : 0,
      "skipped" : 0,
      "passed" : 1,
      "unknown" : 0,
      "total" : 1
    },
    "items" : [ {
      "uid" : "cbddc671fb43a880",
      "status" : "passed",
      "time" : {
        "start" : 1593686088166,
        "stop" : 1593686088301,
        "duration" : 135
      }
    } ]
  },
  "1ce6a7b3125eb5bb52d2768f34012189" : {
    "statistic" : {
      "failed" : 0,
      "broken" : 0,
      "skipped" : 0,
      "passed" : 1,
      "unknown" : 0,
      "total" : 1
    },
    "items" : [ {
      "uid" : "e40e10713dd2a718",
      "status" : "passed",
      "time" : {
        "start" : 1593686080301,
        "stop" : 1593686080409,
        "duration" : 108
      }
    } ]
  },
  "9dea1af0e68d469f0bd5267e7e355627" : {
    "statistic" : {
      "failed" : 0,
      "broken" : 0,
      "skipped" : 0,
      "passed" : 1,
      "unknown" : 0,
      "total" : 1
    },
    "items" : [ {
      "uid" : "dbe62be714be726d",
      "status" : "passed",
      "time" : {
        "start" : 1593686095515,
        "stop" : 1593686095624,
        "duration" : 109
      }
    } ]
  },
  "aa37b73bb5f210d45a55106d2301a082" : {
    "statistic" : {
      "failed" : 0,
      "broken" : 0,
      "skipped" : 0,
      "passed" : 1,
      "unknown" : 0,
      "total" : 1
    },
    "items" : [ {
      "uid" : "3d308cdcf034c3a2",
      "status" : "passed",
      "time" : {
        "start" : 1593686082426,
        "stop" : 1593686082514,
        "duration" : 88
      }
    } ]
  },
  "ce695fc113325b25eefbbd00dfcdf4ba" : {
    "statistic" : {
      "failed" : 0,
      "broken" : 0,
      "skipped" : 0,
      "passed" : 1,
      "unknown" : 0,
      "total" : 1
    },
    "items" : [ {
      "uid" : "6a471c8938d00702",
      "status" : "passed",
      "time" : {
        "start" : 1593686085211,
        "stop" : 1593686085434,
        "duration" : 223
      }
    } ]
  },
  "5083d4f4be2e8fb235117cc38192b3c4" : {
    "statistic" : {
      "failed" : 0,
      "broken" : 0,
      "skipped" : 0,
      "passed" : 1,
      "unknown" : 0,
      "total" : 1
    },
    "items" : [ {
      "uid" : "d3981bbc7ccf2532",
      "status" : "passed",
      "time" : {
        "start" : 1593686087329,
        "stop" : 1593686087545,
        "duration" : 216
      }
    } ]
  },
  "4228e7b5ad9f3d2fe208c4b42bad0466" : {
    "statistic" : {
      "failed" : 0,
      "broken" : 0,
      "skipped" : 0,
      "passed" : 1,
      "unknown" : 0,
      "total" : 1
    },
    "items" : [ {
      "uid" : "4d80a76ec7622a37",
      "status" : "passed",
      "time" : {
        "start" : 1593686088795,
        "stop" : 1593686088952,
        "duration" : 157
      }
    } ]
  },
  "74a7b43f12e47b33c3956999847d8af0" : {
    "statistic" : {
      "failed" : 0,
      "broken" : 0,
      "skipped" : 0,
      "passed" : 1,
      "unknown" : 0,
      "total" : 1
    },
    "items" : [ {
      "uid" : "9cbe616d05da7e23",
      "status" : "passed",
      "time" : {
        "start" : 1593686085560,
        "stop" : 1593686085650,
        "duration" : 90
      }
    } ]
  },
  "ea849d518b1f4fedad2f09730ce04c33" : {
    "statistic" : {
      "failed" : 0,
      "broken" : 0,
      "skipped" : 0,
      "passed" : 1,
      "unknown" : 0,
      "total" : 1
    },
    "items" : [ {
      "uid" : "d0b396460042a138",
      "status" : "passed",
      "time" : {
        "start" : 1593686087996,
        "stop" : 1593686088162,
        "duration" : 166
      }
    } ]
  },
  "8375103a6c1cb8207d93635e12e82b4d" : {
    "statistic" : {
      "failed" : 0,
      "broken" : 0,
      "skipped" : 0,
      "passed" : 1,
      "unknown" : 0,
      "total" : 1
    },
    "items" : [ {
      "uid" : "4e6327ae626759c0",
      "status" : "passed",
      "time" : {
        "start" : 1593686096918,
        "stop" : 1593686097904,
        "duration" : 986
      }
    } ]
  },
  "e283e51c3c99603ebbad119fc4efac23" : {
    "statistic" : {
      "failed" : 0,
      "broken" : 0,
      "skipped" : 0,
      "passed" : 1,
      "unknown" : 0,
      "total" : 1
    },
    "items" : [ {
      "uid" : "42ad29dc2ba8d129",
      "status" : "passed",
      "time" : {
        "start" : 1593686089570,
        "stop" : 1593686089725,
        "duration" : 155
      }
    } ]
  },
  "f5ce3378c56e37558b3ca5f82f452525" : {
    "statistic" : {
      "failed" : 0,
      "broken" : 0,
      "skipped" : 0,
      "passed" : 1,
      "unknown" : 0,
      "total" : 1
    },
    "items" : [ {
      "uid" : "6e2c4f3d6a21379a",
      "status" : "passed",
      "time" : {
        "start" : 1593686084148,
        "stop" : 1593686084243,
        "duration" : 95
      }
    } ]
  },
  "6998ad0467278457963f6c2ffa5918bd" : {
    "statistic" : {
      "failed" : 0,
      "broken" : 0,
      "skipped" : 0,
      "passed" : 1,
      "unknown" : 0,
      "total" : 1
    },
    "items" : [ {
      "uid" : "ce72bafed93603e4",
      "status" : "passed",
      "time" : {
        "start" : 1593686080671,
        "stop" : 1593686080767,
        "duration" : 96
      }
    } ]
  },
  "c79744165827414a7f6565fe0f8206eb" : {
    "statistic" : {
      "failed" : 0,
      "broken" : 0,
      "skipped" : 0,
      "passed" : 1,
      "unknown" : 0,
      "total" : 1
    },
    "items" : [ {
      "uid" : "a759a782b67813eb",
      "status" : "passed",
      "time" : {
        "start" : 1593686086857,
        "stop" : 1593686087073,
        "duration" : 216
      }
    } ]
  },
  "3375f33dd7b108ffbce1e22e08b105ca" : {
    "statistic" : {
      "failed" : 0,
      "broken" : 0,
      "skipped" : 0,
      "passed" : 1,
      "unknown" : 0,
      "total" : 1
    },
    "items" : [ {
      "uid" : "b581212619733b38",
      "status" : "passed",
      "time" : {
        "start" : 1593686083111,
        "stop" : 1593686083214,
        "duration" : 103
      }
    } ]
  },
  "850aafd25cad730b9376e5c8feab59dd" : {
    "statistic" : {
      "failed" : 0,
      "broken" : 0,
      "skipped" : 0,
      "passed" : 1,
      "unknown" : 0,
      "total" : 1
    },
    "items" : [ {
      "uid" : "f9ac630f6d2e395",
      "status" : "passed",
      "time" : {
        "start" : 1593686081886,
        "stop" : 1593686082001,
        "duration" : 115
      }
    } ]
  },
  "a58cc2ce7c1079806dc6d84f831f38fc" : {
    "statistic" : {
      "failed" : 0,
      "broken" : 0,
      "skipped" : 0,
      "passed" : 1,
      "unknown" : 0,
      "total" : 1
    },
    "items" : [ {
      "uid" : "980c4571a6c4a5f2",
      "status" : "passed",
      "time" : {
        "start" : 1593686089730,
        "stop" : 1593686089905,
        "duration" : 175
      }
    } ]
  },
  "c1ac3d368564598c70206ec1a18664ef" : {
    "statistic" : {
      "failed" : 0,
      "broken" : 0,
      "skipped" : 0,
      "passed" : 1,
      "unknown" : 0,
      "total" : 1
    },
    "items" : [ {
      "uid" : "4dfbda3d13bf6060",
      "status" : "passed",
      "time" : {
        "start" : 1593686080562,
        "stop" : 1593686080666,
        "duration" : 104
      }
    } ]
  },
  "4edbe38916a26cd1509acc59c330d004" : {
    "statistic" : {
      "failed" : 0,
      "broken" : 0,
      "skipped" : 0,
      "passed" : 1,
      "unknown" : 0,
      "total" : 1
    },
    "items" : [ {
      "uid" : "c621e393cf21b156",
      "status" : "passed",
      "time" : {
        "start" : 1593686084957,
        "stop" : 1593686085206,
        "duration" : 249
      }
    } ]
  },
  "3772b52fda12c34a02b0ed8a107de5d5" : {
    "statistic" : {
      "failed" : 0,
      "broken" : 0,
      "skipped" : 0,
      "passed" : 1,
      "unknown" : 0,
      "total" : 1
    },
    "items" : [ {
      "uid" : "a18173b5a5a9ec25",
      "status" : "passed",
      "time" : {
        "start" : 1593686083580,
        "stop" : 1593686083667,
        "duration" : 87
      }
    } ]
  },
  "6de7f1fd2b8fdfc41a427f5c5b8a1fec" : {
    "statistic" : {
      "failed" : 0,
      "broken" : 0,
      "skipped" : 0,
      "passed" : 1,
      "unknown" : 0,
      "total" : 1
    },
    "items" : [ {
      "uid" : "18c832ab46e0b209",
      "status" : "passed",
      "time" : {
        "start" : 1593686084358,
        "stop" : 1593686084467,
        "duration" : 109
      }
    } ]
  },
  "1d2b849f829714703d7c5b91842737e1" : {
    "statistic" : {
      "failed" : 0,
      "broken" : 0,
      "skipped" : 0,
      "passed" : 1,
      "unknown" : 0,
      "total" : 1
    },
    "items" : [ {
      "uid" : "663e6094f9ef7a88",
      "status" : "passed",
      "time" : {
        "start" : 1593686091379,
        "stop" : 1593686091490,
        "duration" : 111
      }
    } ]
  },
  "f06f5e587abb08a9c67ddf70feb21c83" : {
    "statistic" : {
      "failed" : 0,
      "broken" : 0,
      "skipped" : 0,
      "passed" : 1,
      "unknown" : 0,
      "total" : 1
    },
    "items" : [ {
      "uid" : "c428c85ac060ac7d",
      "status" : "passed",
      "time" : {
        "start" : 1593686095725,
        "stop" : 1593686095833,
        "duration" : 108
      }
    } ]
  },
  "0c8cb405b955171c40e4cd89103b18df" : {
    "statistic" : {
      "failed" : 0,
      "broken" : 0,
      "skipped" : 0,
      "passed" : 1,
      "unknown" : 0,
      "total" : 1
    },
    "items" : [ {
      "uid" : "e8a66b065aa0ee04",
      "status" : "passed",
      "time" : {
        "start" : 1593686080770,
        "stop" : 1593686081123,
        "duration" : 353
      }
    } ]
  },
  "15e8e8f81e4ec340e1a130e26fd86b94" : {
    "statistic" : {
      "failed" : 0,
      "broken" : 0,
      "skipped" : 0,
      "passed" : 1,
      "unknown" : 0,
      "total" : 1
    },
    "items" : [ {
      "uid" : "f023625a8c1bacf1",
      "status" : "passed",
      "time" : {
        "start" : 1593686087853,
        "stop" : 1593686087992,
        "duration" : 139
      }
    } ]
  },
  "d1c2a5e79b7d1395fd70d58b4085b62d" : {
    "statistic" : {
      "failed" : 0,
      "broken" : 0,
      "skipped" : 0,
      "passed" : 1,
      "unknown" : 0,
      "total" : 1
    },
    "items" : [ {
      "uid" : "37e1603ccc82fb65",
      "status" : "passed",
      "time" : {
        "start" : 1593686084864,
        "stop" : 1593686084953,
        "duration" : 89
      }
    } ]
  },
  "3dc754fe4b166ec35cf679909139c526" : {
    "statistic" : {
      "failed" : 0,
      "broken" : 0,
      "skipped" : 0,
      "passed" : 1,
      "unknown" : 0,
      "total" : 1
    },
    "items" : [ {
      "uid" : "5529570a77461448",
      "status" : "passed",
      "time" : {
        "start" : 1593686083482,
        "stop" : 1593686083576,
        "duration" : 94
      }
    } ]
  },
  "6d50977931e1e2a732bdf04a1bd3e872" : {
    "statistic" : {
      "failed" : 0,
      "broken" : 0,
      "skipped" : 0,
      "passed" : 1,
      "unknown" : 0,
      "total" : 1
    },
    "items" : [ {
      "uid" : "b37fa62d80397c11",
      "status" : "passed",
      "time" : {
        "start" : 1593686081217,
        "stop" : 1593686081321,
        "duration" : 104
      }
    } ]
  },
  "58a3f6954c4e5a78493bdfa4a376956a" : {
    "statistic" : {
      "failed" : 0,
      "broken" : 0,
      "skipped" : 0,
      "passed" : 1,
      "unknown" : 0,
      "total" : 1
    },
    "items" : [ {
      "uid" : "f20ac5c7e1a4c2d0",
      "status" : "passed",
      "time" : {
        "start" : 1593686083972,
        "stop" : 1593686084053,
        "duration" : 81
      }
    } ]
  },
  "d442e0345a598ddb53f69977caa7bf69" : {
    "statistic" : {
      "failed" : 0,
      "broken" : 0,
      "skipped" : 0,
      "passed" : 1,
      "unknown" : 0,
      "total" : 1
    },
    "items" : [ {
      "uid" : "acb1d5946f5966fe",
      "status" : "passed",
      "time" : {
        "start" : 1593686091648,
        "stop" : 1593686091745,
        "duration" : 97
      }
    } ]
  },
  "174f8eff320e885f75b6f1d3dbdc17c3" : {
    "statistic" : {
      "failed" : 0,
      "broken" : 0,
      "skipped" : 0,
      "passed" : 1,
      "unknown" : 0,
      "total" : 1
    },
    "items" : [ {
      "uid" : "8c8edcd5b697ddb",
      "status" : "passed",
      "time" : {
        "start" : 1593686081532,
        "stop" : 1593686081643,
        "duration" : 111
      }
    } ]
  },
  "ff1c201ac3e2a72f0fcfe2c93b989337" : {
    "statistic" : {
      "failed" : 0,
      "broken" : 0,
      "skipped" : 0,
      "passed" : 1,
      "unknown" : 0,
      "total" : 1
    },
    "items" : [ {
      "uid" : "9374275fd3df01d3",
      "status" : "passed",
      "time" : {
        "start" : 1593686091170,
        "stop" : 1593686091285,
        "duration" : 115
      }
    } ]
  },
  "51ce8e5a767faa1e8529d92ff611517b" : {
    "statistic" : {
      "failed" : 0,
      "broken" : 0,
      "skipped" : 0,
      "passed" : 1,
      "unknown" : 0,
      "total" : 1
    },
    "items" : [ {
      "uid" : "34596558eaa96507",
      "status" : "passed",
      "time" : {
        "start" : 1593686086405,
        "stop" : 1593686086528,
        "duration" : 123
      }
    } ]
  },
  "be7a6492d7d5d0733c64bdba0d3780e5" : {
    "statistic" : {
      "failed" : 0,
      "broken" : 0,
      "skipped" : 0,
      "passed" : 1,
      "unknown" : 0,
      "total" : 1
    },
    "items" : [ {
      "uid" : "ba6ae8175777d253",
      "status" : "passed",
      "time" : {
        "start" : 1593686084470,
        "stop" : 1593686084669,
        "duration" : 199
      }
    } ]
  },
  "85ec1dabffbcf74b271a9d0b1ecbb9bc" : {
    "statistic" : {
      "failed" : 0,
      "broken" : 0,
      "skipped" : 0,
      "passed" : 1,
      "unknown" : 0,
      "total" : 1
    },
    "items" : [ {
      "uid" : "d24f80b7ddc8c348",
      "status" : "passed",
      "time" : {
        "start" : 1593686079876,
        "stop" : 1593686079979,
        "duration" : 103
      }
    } ]
  },
  "f874f6f2cf751ce9b93433d806b20213" : {
    "statistic" : {
      "failed" : 0,
      "broken" : 0,
      "skipped" : 0,
      "passed" : 1,
      "unknown" : 0,
      "total" : 1
    },
    "items" : [ {
      "uid" : "652d02db166cacb1",
      "status" : "passed",
      "time" : {
        "start" : 1593686083873,
        "stop" : 1593686083967,
        "duration" : 94
      }
    } ]
  },
  "f47461a27108f5f420010e08717610e1" : {
    "statistic" : {
      "failed" : 0,
      "broken" : 0,
      "skipped" : 0,
      "passed" : 1,
      "unknown" : 0,
      "total" : 1
    },
    "items" : [ {
      "uid" : "f5f3ebe9eb2595ca",
      "status" : "passed",
      "time" : {
        "start" : 1593686084767,
        "stop" : 1593686084860,
        "duration" : 93
      }
    } ]
  },
  "7bdfbb6cc2571e37214d4ad3dd983949" : {
    "statistic" : {
      "failed" : 0,
      "broken" : 0,
      "skipped" : 0,
      "passed" : 1,
      "unknown" : 0,
      "total" : 1
    },
    "items" : [ {
      "uid" : "3a7bc95adc983287",
      "status" : "passed",
      "time" : {
        "start" : 1593686089377,
        "stop" : 1593686089566,
        "duration" : 189
      }
    } ]
  },
  "54b06da9f3dc587e73220150b6ad3858" : {
    "statistic" : {
      "failed" : 0,
      "broken" : 0,
      "skipped" : 0,
      "passed" : 1,
      "unknown" : 0,
      "total" : 1
    },
    "items" : [ {
      "uid" : "743aef5551de6cf8",
      "status" : "passed",
      "time" : {
        "start" : 1593686085654,
        "stop" : 1593686085829,
        "duration" : 175
      }
    } ]
  },
  "5fcb474ad11889da9a202798f464701d" : {
    "statistic" : {
      "failed" : 0,
      "broken" : 0,
      "skipped" : 0,
      "passed" : 1,
      "unknown" : 0,
      "total" : 1
    },
    "items" : [ {
      "uid" : "3ef2aab4ae581693",
      "status" : "passed",
      "time" : {
        "start" : 1593686095837,
        "stop" : 1593686096815,
        "duration" : 978
      }
    } ]
  },
  "aca50a0664e39eb2798a3c4226121f3d" : {
    "statistic" : {
      "failed" : 0,
      "broken" : 0,
      "skipped" : 0,
      "passed" : 1,
      "unknown" : 0,
      "total" : 1
    },
    "items" : [ {
      "uid" : "544495f27df79523",
      "status" : "passed",
      "time" : {
        "start" : 1593686082109,
        "stop" : 1593686082200,
        "duration" : 91
      }
    } ]
  },
  "5b348fbc1dce39718d4f6568c8fe1587" : {
    "statistic" : {
      "failed" : 0,
      "broken" : 0,
      "skipped" : 0,
      "passed" : 1,
      "unknown" : 0,
      "total" : 1
    },
    "items" : [ {
      "uid" : "845603ed32b9c26d",
      "status" : "passed",
      "time" : {
        "start" : 1593686083301,
        "stop" : 1593686083375,
        "duration" : 74
      }
    } ]
  },
  "c507cfe371cb874ae5c58ee71f369319" : {
    "statistic" : {
      "failed" : 0,
      "broken" : 0,
      "skipped" : 0,
      "passed" : 1,
      "unknown" : 0,
      "total" : 1
    },
    "items" : [ {
      "uid" : "107239db5544560d",
      "status" : "passed",
      "time" : {
        "start" : 1593686086221,
        "stop" : 1593686086401,
        "duration" : 180
      }
    } ]
  },
  "f25e11254e4346ffd0eef3383ba4fe08" : {
    "statistic" : {
      "failed" : 0,
      "broken" : 0,
      "skipped" : 0,
      "passed" : 1,
      "unknown" : 0,
      "total" : 1
    },
    "items" : [ {
      "uid" : "22c0a384d280134e",
      "status" : "passed",
      "time" : {
        "start" : 1593686091049,
        "stop" : 1593686091165,
        "duration" : 116
      }
    } ]
  },
  "b91f47b41dd5a5f170af94b11993037a" : {
    "statistic" : {
      "failed" : 0,
      "broken" : 0,
      "skipped" : 0,
      "passed" : 1,
      "unknown" : 0,
      "total" : 1
    },
    "items" : [ {
      "uid" : "21e3e5377d60ef14",
      "status" : "passed",
      "time" : {
        "start" : 1593686082204,
        "stop" : 1593686082296,
        "duration" : 92
      }
    } ]
  },
  "b21ddf4fc359efed90202e183391463e" : {
    "statistic" : {
      "failed" : 0,
      "broken" : 0,
      "skipped" : 0,
      "passed" : 1,
      "unknown" : 0,
      "total" : 1
    },
    "items" : [ {
      "uid" : "f5bdbebea022c391",
      "status" : "passed",
      "time" : {
        "start" : 1593686088597,
        "stop" : 1593686088791,
        "duration" : 194
      }
    } ]
  },
  "41314ee2ba740cf52a779d0200d33771" : {
    "statistic" : {
      "failed" : 0,
      "broken" : 0,
      "skipped" : 0,
      "passed" : 1,
      "unknown" : 0,
      "total" : 1
    },
    "items" : [ {
      "uid" : "263075245f901c69",
      "status" : "passed",
      "time" : {
        "start" : 1593686088489,
        "stop" : 1593686088592,
        "duration" : 103
      }
    } ]
  },
  "6a3c86d7df908e7caa8c59f4708b95f7" : {
    "statistic" : {
      "failed" : 0,
      "broken" : 0,
      "skipped" : 0,
      "passed" : 1,
      "unknown" : 0,
      "total" : 1
    },
    "items" : [ {
      "uid" : "dfdf52babc8615aa",
      "status" : "passed",
      "time" : {
        "start" : 1593686084672,
        "stop" : 1593686084763,
        "duration" : 91
      }
    } ]
  },
  "11b76b28e497e6afabebbea95c00aa17" : {
    "statistic" : {
      "failed" : 0,
      "broken" : 0,
      "skipped" : 0,
      "passed" : 1,
      "unknown" : 0,
      "total" : 1
    },
    "items" : [ {
      "uid" : "be30b364af9202d7",
      "status" : "passed",
      "time" : {
        "start" : 1593686086697,
        "stop" : 1593686086854,
        "duration" : 157
      }
    } ]
  },
  "23ebef52731714b8309b650156b34eeb" : {
    "statistic" : {
      "failed" : 0,
      "broken" : 0,
      "skipped" : 0,
      "passed" : 1,
      "unknown" : 0,
      "total" : 1
    },
    "items" : [ {
      "uid" : "9aa7e2750cc59c3c",
      "status" : "passed",
      "time" : {
        "start" : 1593686087077,
        "stop" : 1593686087233,
        "duration" : 156
      }
    } ]
  },
  "7af4e12f5f3096958f1e54a4ed78372a" : {
    "statistic" : {
      "failed" : 0,
      "broken" : 0,
      "skipped" : 0,
      "passed" : 1,
      "unknown" : 0,
      "total" : 1
    },
    "items" : [ {
      "uid" : "87dcc056ed586c84",
      "status" : "passed",
      "time" : {
        "start" : 1593686096818,
        "stop" : 1593686096914,
        "duration" : 96
      }
    } ]
  },
  "1b1ce2be22256a55892f9f88fa74b1fa" : {
    "statistic" : {
      "failed" : 0,
      "broken" : 0,
      "skipped" : 0,
      "passed" : 1,
      "unknown" : 0,
      "total" : 1
    },
    "items" : [ {
      "uid" : "ec71090ae653e532",
      "status" : "passed",
      "time" : {
        "start" : 1593686093747,
        "stop" : 1593686093851,
        "duration" : 104
      }
    } ]
  },
  "566f035eb089fa9f7538998a680d8452" : {
    "statistic" : {
      "failed" : 0,
      "broken" : 0,
      "skipped" : 0,
      "passed" : 1,
      "unknown" : 0,
      "total" : 1
    },
    "items" : [ {
      "uid" : "4587ada94fc9bada",
      "status" : "passed",
      "time" : {
        "start" : 1593686090716,
        "stop" : 1593686090862,
        "duration" : 146
      }
    } ]
  },
  "ed303d78f524847ea9bf183f431f489e" : {
    "statistic" : {
      "failed" : 0,
      "broken" : 0,
      "skipped" : 0,
      "passed" : 1,
      "unknown" : 0,
      "total" : 1
    },
    "items" : [ {
      "uid" : "62b619ad00d3645d",
      "status" : "passed",
      "time" : {
        "start" : 1593686083671,
        "stop" : 1593686083766,
        "duration" : 95
      }
    } ]
  },
  "3dd178c83680a7c88450e1636cc19e03" : {
    "statistic" : {
      "failed" : 0,
      "broken" : 0,
      "skipped" : 0,
      "passed" : 1,
      "unknown" : 0,
      "total" : 1
    },
    "items" : [ {
      "uid" : "487a6dc6a4e1dae1",
      "status" : "passed",
      "time" : {
        "start" : 1593686082661,
        "stop" : 1593686082761,
        "duration" : 100
      }
    } ]
  },
  "b93ba6f3727d595f7568ca9f9ea75d73" : {
    "statistic" : {
      "failed" : 0,
      "broken" : 0,
      "skipped" : 0,
      "passed" : 1,
      "unknown" : 0,
      "total" : 1
    },
    "items" : [ {
      "uid" : "7807d71aaed23b3",
      "status" : "passed",
      "time" : {
        "start" : 1593686081325,
        "stop" : 1593686081526,
        "duration" : 201
      }
    } ]
  },
  "4b9a8a705ebe708ecfd02ab38c0fcbd7" : {
    "statistic" : {
      "failed" : 0,
      "broken" : 0,
      "skipped" : 0,
      "passed" : 1,
      "unknown" : 0,
      "total" : 1
    },
    "items" : [ {
      "uid" : "ef82670d80a351c4",
      "status" : "passed",
      "time" : {
        "start" : 1593686086532,
        "stop" : 1593686086693,
        "duration" : 161
      }
    } ]
  },
  "c36ac1a3a2769c443fa06d9072156314" : {
    "statistic" : {
      "failed" : 0,
      "broken" : 0,
      "skipped" : 0,
      "passed" : 1,
      "unknown" : 0,
      "total" : 1
    },
    "items" : [ {
      "uid" : "f7eec7624afafefe",
      "status" : "passed",
      "time" : {
        "start" : 1593686089910,
        "stop" : 1593686090065,
        "duration" : 155
      }
    } ]
  },
  "059ee5a32c878ca5a06ae3608b711be9" : {
    "statistic" : {
      "failed" : 0,
      "broken" : 0,
      "skipped" : 0,
      "passed" : 1,
      "unknown" : 0,
      "total" : 1
    },
    "items" : [ {
      "uid" : "dcf90d80c160fbcf",
      "status" : "passed",
      "time" : {
        "start" : 1593686091750,
        "stop" : 1593686093744,
        "duration" : 1994
      }
    } ]
  },
  "b0fbbae4f999301aa515cf43ce0822c8" : {
    "statistic" : {
      "failed" : 0,
      "broken" : 0,
      "skipped" : 0,
      "passed" : 1,
      "unknown" : 0,
      "total" : 1
    },
    "items" : [ {
      "uid" : "4ea6b21ef212c129",
      "status" : "passed",
      "time" : {
        "start" : 1593686083379,
        "stop" : 1593686083479,
        "duration" : 100
      }
    } ]
  },
  "60d9cefd889f5c6fa9e2d1e83fe399b2" : {
    "statistic" : {
      "failed" : 0,
      "broken" : 0,
      "skipped" : 0,
      "passed" : 1,
      "unknown" : 0,
      "total" : 1
    },
    "items" : [ {
      "uid" : "ff240c745d3da38a",
      "status" : "passed",
      "time" : {
        "start" : 1593686081126,
        "stop" : 1593686081213,
        "duration" : 87
      }
    } ]
  },
  "ac27152a04b3ffe6360deb6fc211553b" : {
    "statistic" : {
      "failed" : 0,
      "broken" : 0,
      "skipped" : 0,
      "passed" : 1,
      "unknown" : 0,
      "total" : 1
    },
    "items" : [ {
      "uid" : "94fffeb3b3ab6f4b",
      "status" : "passed",
      "time" : {
        "start" : 1593686086075,
        "stop" : 1593686086216,
        "duration" : 141
      }
    } ]
  },
  "09a8323fc3f9ef277b1f96ad7439f917" : {
    "statistic" : {
      "failed" : 0,
      "broken" : 0,
      "skipped" : 0,
      "passed" : 1,
      "unknown" : 0,
      "total" : 1
    },
    "items" : [ {
      "uid" : "9266377bd7903100",
      "status" : "passed",
      "time" : {
        "start" : 1593686087549,
        "stop" : 1593686087639,
        "duration" : 90
      }
    } ]
  },
  "b4a57b1b1004ee057990a7c179a7f459" : {
    "statistic" : {
      "failed" : 0,
      "broken" : 0,
      "skipped" : 0,
      "passed" : 1,
      "unknown" : 0,
      "total" : 1
    },
    "items" : [ {
      "uid" : "bfdcac063def246c",
      "status" : "passed",
      "time" : {
        "start" : 1593686090535,
        "stop" : 1593686090711,
        "duration" : 176
      }
    } ]
  },
  "43d480971e2409ab0eb0a538e96bbe90" : {
    "statistic" : {
      "failed" : 0,
      "broken" : 0,
      "skipped" : 0,
      "passed" : 1,
      "unknown" : 0,
      "total" : 1
    },
    "items" : [ {
      "uid" : "34f57976cd6e4e0e",
      "status" : "passed",
      "time" : {
        "start" : 1593686082518,
        "stop" : 1593686082657,
        "duration" : 139
      }
    } ]
  },
  "705dff2e83ecc49b01c5462af68de771" : {
    "statistic" : {
      "failed" : 0,
      "broken" : 0,
      "skipped" : 0,
      "passed" : 1,
      "unknown" : 0,
      "total" : 1
    },
    "items" : [ {
      "uid" : "55d206e5eb6b47a6",
      "status" : "passed",
      "time" : {
        "start" : 1593686090866,
        "stop" : 1593686091045,
        "duration" : 179
      }
    } ]
  },
  "46539fce53355e5dc9e65cd92317253a" : {
    "statistic" : {
      "failed" : 0,
      "broken" : 0,
      "skipped" : 0,
      "passed" : 1,
      "unknown" : 0,
      "total" : 1
    },
    "items" : [ {
      "uid" : "4b6dc24325da570f",
      "status" : "passed",
      "time" : {
        "start" : 1593686081768,
        "stop" : 1593686081882,
        "duration" : 114
      }
    } ]
  },
  "05128c9149de4aace43466b6035b7fa9" : {
    "statistic" : {
      "failed" : 0,
      "broken" : 0,
      "skipped" : 0,
      "passed" : 1,
      "unknown" : 0,
      "total" : 1
    },
    "items" : [ {
      "uid" : "ea2341d0964e470e",
      "status" : "passed",
      "time" : {
        "start" : 1593686085832,
        "stop" : 1593686085920,
        "duration" : 88
      }
    } ]
  },
  "501d22bf07915650c4141e667e8a889d" : {
    "statistic" : {
      "failed" : 0,
      "broken" : 0,
      "skipped" : 0,
      "passed" : 1,
      "unknown" : 0,
      "total" : 1
    },
    "items" : [ {
      "uid" : "6505bf52b8c3ebd2",
      "status" : "passed",
      "time" : {
        "start" : 1593686080091,
        "stop" : 1593686080296,
        "duration" : 205
      }
    } ]
  },
  "8b3e9ed41ac8eda17e21972ac7ec2bd4" : {
    "statistic" : {
      "failed" : 0,
      "broken" : 0,
      "skipped" : 0,
      "passed" : 1,
      "unknown" : 0,
      "total" : 1
    },
    "items" : [ {
      "uid" : "d6b8b6cf5d801011",
      "status" : "passed",
      "time" : {
        "start" : 1593686091494,
        "stop" : 1593686091644,
        "duration" : 150
      }
    } ]
  },
  "89bbe6603b9361903742f02bf8936a85" : {
    "statistic" : {
      "failed" : 0,
      "broken" : 0,
      "skipped" : 0,
      "passed" : 1,
      "unknown" : 0,
      "total" : 1
    },
    "items" : [ {
      "uid" : "3b2f9e9ff7d42a0e",
      "status" : "passed",
      "time" : {
        "start" : 1593686082983,
        "stop" : 1593686083107,
        "duration" : 124
      }
    } ]
  },
  "e9e154fa8a08b9a3ce7cac6c48a47967" : {
    "statistic" : {
      "failed" : 0,
      "broken" : 0,
      "skipped" : 0,
      "passed" : 1,
      "unknown" : 0,
      "total" : 1
    },
    "items" : [ {
      "uid" : "b77ab6bc386b81ec",
      "status" : "passed",
      "time" : {
        "start" : 1593686085438,
        "stop" : 1593686085557,
        "duration" : 119
      }
    } ]
  },
  "b4d3bab0ac80b4052d67d26f837cfa23" : {
    "statistic" : {
      "failed" : 0,
      "broken" : 0,
      "skipped" : 0,
      "passed" : 1,
      "unknown" : 0,
      "total" : 1
    },
    "items" : [ {
      "uid" : "f0d6124509fd15c2",
      "status" : "passed",
      "time" : {
        "start" : 1593686083218,
        "stop" : 1593686083298,
        "duration" : 80
      }
    } ]
  },
  "a171bead42d7d74f48887925636b0071" : {
    "statistic" : {
      "failed" : 0,
      "broken" : 0,
      "skipped" : 0,
      "passed" : 1,
      "unknown" : 0,
      "total" : 1
    },
    "items" : [ {
      "uid" : "608669253f7c3d20",
      "status" : "passed",
      "time" : {
        "start" : 1593686091288,
        "stop" : 1593686091374,
        "duration" : 86
      }
    } ]
  },
  "f59e7a1918a410583a5bc6ad5dbe71b4" : {
    "statistic" : {
      "failed" : 0,
      "broken" : 0,
      "skipped" : 0,
      "passed" : 1,
      "unknown" : 0,
      "total" : 1
    },
    "items" : [ {
      "uid" : "70faf1e336ca3467",
      "status" : "passed",
      "time" : {
        "start" : 1593686082765,
        "stop" : 1593686082850,
        "duration" : 85
      }
    } ]
  },
  "5e5e3ff603556de460560fc69aa64673" : {
    "statistic" : {
      "failed" : 0,
      "broken" : 0,
      "skipped" : 0,
      "passed" : 1,
      "unknown" : 0,
      "total" : 1
    },
    "items" : [ {
      "uid" : "57b2f0daee67b273",
      "status" : "passed",
      "time" : {
        "start" : 1593686085925,
        "stop" : 1593686086071,
        "duration" : 146
      }
    } ]
  },
  "750dfab280e9784cedb3e18b9efdf514" : {
    "statistic" : {
      "failed" : 0,
      "broken" : 0,
      "skipped" : 0,
      "passed" : 1,
      "unknown" : 0,
      "total" : 1
    },
    "items" : [ {
      "uid" : "7c87ef434a044be6",
      "status" : "passed",
      "time" : {
        "start" : 1593686090069,
        "stop" : 1593686090178,
        "duration" : 109
      }
    } ]
  },
  "12815db46db1a104f35741d3430230c4" : {
    "statistic" : {
      "failed" : 0,
      "broken" : 0,
      "skipped" : 0,
      "passed" : 1,
      "unknown" : 0,
      "total" : 1
    },
    "items" : [ {
      "uid" : "6ddeb186b2d3a05a",
      "status" : "passed",
      "time" : {
        "start" : 1593686088955,
        "stop" : 1593686089115,
        "duration" : 160
      }
    } ]
  },
  "d3ee7649cdf8fde013fb3f73787c9000" : {
    "statistic" : {
      "failed" : 0,
      "broken" : 0,
      "skipped" : 0,
      "passed" : 1,
      "unknown" : 0,
      "total" : 1
    },
    "items" : [ {
      "uid" : "d87eebdc20a27045",
      "status" : "passed",
      "time" : {
        "start" : 1593686095394,
        "stop" : 1593686095510,
        "duration" : 116
      }
    } ]
  },
  "14abd15f2b723c6d65f66fea9047b5e7" : {
    "statistic" : {
      "failed" : 0,
      "broken" : 0,
      "skipped" : 0,
      "passed" : 1,
      "unknown" : 0,
      "total" : 1
    },
    "items" : [ {
      "uid" : "3a2d3cc2288d06d7",
      "status" : "passed",
      "time" : {
        "start" : 1593686084248,
        "stop" : 1593686084354,
        "duration" : 106
      }
    } ]
  },
  "15837f18bfb3399fa2a03299bd103309" : {
    "statistic" : {
      "failed" : 0,
      "broken" : 0,
      "skipped" : 0,
      "passed" : 1,
      "unknown" : 0,
      "total" : 1
    },
    "items" : [ {
      "uid" : "d4a2784ea0aaaced",
      "status" : "passed",
      "time" : {
        "start" : 1593686087643,
        "stop" : 1593686087850,
        "duration" : 207
      }
    } ]
  },
  "4ac4f0739bff8ffd3d4ca907f8e5d730" : {
    "statistic" : {
      "failed" : 0,
      "broken" : 0,
      "skipped" : 0,
      "passed" : 1,
      "unknown" : 0,
      "total" : 1
    },
    "items" : [ {
      "uid" : "dc96bcfa77a73b27",
      "status" : "passed",
      "time" : {
        "start" : 1593686089119,
        "stop" : 1593686089258,
        "duration" : 139
      }
    } ]
  },
  "2c37b7c74dbc1a83b17bd034427e2283" : {
    "statistic" : {
      "failed" : 0,
      "broken" : 0,
      "skipped" : 0,
      "passed" : 1,
      "unknown" : 0,
      "total" : 1
    },
    "items" : [ {
      "uid" : "e2cc0f8ab15b1c4f",
      "status" : "passed",
      "time" : {
        "start" : 1593686090182,
        "stop" : 1593686090532,
        "duration" : 350
      }
    } ]
  },
  "dbaa8afe6add01dc788625df1ea9e512" : {
    "statistic" : {
      "failed" : 0,
      "broken" : 0,
      "skipped" : 0,
      "passed" : 1,
      "unknown" : 0,
      "total" : 1
    },
    "items" : [ {
      "uid" : "44ba76094ebd8e74",
      "status" : "passed",
      "time" : {
        "start" : 1593686089262,
        "stop" : 1593686089374,
        "duration" : 112
      }
    } ]
  },
  "cf8158a10dc0e88ffb8d7e8a43c7bf0a" : {
    "statistic" : {
      "failed" : 0,
      "broken" : 0,
      "skipped" : 0,
      "passed" : 1,
      "unknown" : 0,
      "total" : 1
    },
    "items" : [ {
      "uid" : "1caf5a0b3c9d1cfd",
      "status" : "passed",
      "time" : {
        "start" : 1593686081646,
        "stop" : 1593686081764,
        "duration" : 118
      }
    } ]
  },
  "a4c425d039114e263229eda06d639f73" : {
    "statistic" : {
      "failed" : 0,
      "broken" : 0,
      "skipped" : 0,
      "passed" : 1,
      "unknown" : 0,
      "total" : 1
    },
    "items" : [ {
      "uid" : "c7d8734e2c5b0d0c",
      "status" : "passed",
      "time" : {
        "start" : 1593686095629,
        "stop" : 1593686095722,
        "duration" : 93
      }
    } ]
  },
  "ac1b71b5ef531db773c894324c0de005" : {
    "statistic" : {
      "failed" : 0,
      "broken" : 0,
      "skipped" : 0,
      "passed" : 1,
      "unknown" : 0,
      "total" : 1
    },
    "items" : [ {
      "uid" : "5c45a1500b69c0c1",
      "status" : "passed",
      "time" : {
        "start" : 1593686079982,
        "stop" : 1593686080087,
        "duration" : 105
      }
    } ]
  },
  "583387d22b5a3e829038fcd8eee980dd" : {
    "statistic" : {
      "failed" : 0,
      "broken" : 0,
      "skipped" : 0,
      "passed" : 1,
      "unknown" : 0,
      "total" : 1
    },
    "items" : [ {
      "uid" : "6cc23d23e4acc8e5",
      "status" : "passed",
      "time" : {
        "start" : 1593686082299,
        "stop" : 1593686082422,
        "duration" : 123
      }
    } ]
  },
  "8d5baef37663eab240c2ff09c81a6617" : {
    "statistic" : {
      "failed" : 0,
      "broken" : 0,
      "skipped" : 0,
      "passed" : 1,
      "unknown" : 0,
      "total" : 1
    },
    "items" : [ {
      "uid" : "520bf190390c0d78",
      "status" : "passed",
      "time" : {
        "start" : 1593686082856,
        "stop" : 1593686082980,
        "duration" : 124
      }
    } ]
  },
  "b83bafe825b37310a58a00e060a324ed" : {
    "statistic" : {
      "failed" : 0,
      "broken" : 0,
      "skipped" : 0,
      "passed" : 1,
      "unknown" : 0,
      "total" : 1
    },
    "items" : [ {
      "uid" : "c998c2b07b834763",
      "status" : "passed",
      "time" : {
        "start" : 1593686087237,
        "stop" : 1593686087325,
        "duration" : 88
      }
    } ]
  },
  "980c1181c83af2238ca9d3527ff5f9ac" : {
    "statistic" : {
      "failed" : 0,
      "broken" : 0,
      "skipped" : 0,
      "passed" : 1,
      "unknown" : 0,
      "total" : 1
    },
    "items" : [ {
      "uid" : "55cb200302659607",
      "status" : "passed",
      "time" : {
        "start" : 1593686084057,
        "stop" : 1593686084144,
        "duration" : 87
      }
    } ]
  },
  "4e434ca80067a521e8c48c262d131de6" : {
    "statistic" : {
      "failed" : 0,
      "broken" : 0,
      "skipped" : 0,
      "passed" : 1,
      "unknown" : 0,
      "total" : 1
    },
    "items" : [ {
      "uid" : "e0f3429467c2cbdb",
      "status" : "passed",
      "time" : {
        "start" : 1593686093855,
        "stop" : 1593686095389,
        "duration" : 1534
      }
    } ]
  },
  "f5464037d1c1f6506251f6c82512b850" : {
    "statistic" : {
      "failed" : 0,
      "broken" : 0,
      "skipped" : 0,
      "passed" : 1,
      "unknown" : 0,
      "total" : 1
    },
    "items" : [ {
      "uid" : "11d4b08f94c8ed20",
      "status" : "passed",
      "time" : {
        "start" : 1593686088305,
        "stop" : 1593686088485,
        "duration" : 180
      }
    } ]
  },
  "78b615036dccc0550b485e4df0879cb9" : {
    "statistic" : {
      "failed" : 0,
      "broken" : 0,
      "skipped" : 0,
      "passed" : 1,
      "unknown" : 0,
      "total" : 1
    },
    "items" : [ {
      "uid" : "935e4a1d5c9eebbe",
      "status" : "passed",
      "time" : {
        "start" : 1593686080413,
        "stop" : 1593686080558,
        "duration" : 145
      }
    } ]
  },
  "4dfb09420884df5146f28130c9a7fa93" : {
    "statistic" : {
      "failed" : 0,
      "broken" : 0,
      "skipped" : 0,
      "passed" : 1,
      "unknown" : 0,
      "total" : 1
    },
    "items" : [ {
      "uid" : "f55a52d8c252c3a5",
      "status" : "passed",
      "time" : {
        "start" : 1593686082007,
        "stop" : 1593686082105,
        "duration" : 98
      }
    } ]
  }
}